country,iso2,iso3,region,wb_econ,minage_fem_leg,minage_mal_leg,minage_fem_pc,minage_mal_pc,minage_fem_crlaw,minage_mal_crlaw,minage_fem_loop,minage_mal_loop,minage_fem_any,minage_mal_any,loop_summ,except_pc,except_preg,except_crlaw,protect_girl_13,protect_girl_15,protect_girl_17,protect_boy_13,protect_boy_15,protect_boy_17,legal_diff_leg,legal_diff_pc,minage_par_18_f_1995,minage_par_18_f_1996,minage_par_18_f_1997,minage_par_18_f_1998,minage_par_18_f_1999,minage_par_18_f_2000,minage_par_18_f_2001,minage_par_18_f_2002,minage_par_18_f_2003,minage_par_18_f_2004,minage_par_18_f_2005,minage_par_18_f_2006,minage_par_18_f_2007,minage_par_18_f_2008,minage_par_18_f_2009,minage_par_18_f_2010,minage_par_18_f_2011,minage_par_18_f_2012,minage_par_18_f_2013,minage_par_18_f_2014,minage_par_18_f_2015,minage_par_18_f_2016,minage_par_18_f_2017,minage_par_18_f_2018,minage_par_18_f_2019,minage_par_18_f_2020,minage_par_18_f_2021,minage_par_18_f_2022,minage_par_18_f_2023,minage_par_18_m_1995,minage_par_18_m_1996,minage_par_18_m_1997,minage_par_18_m_1998,minage_par_18_m_1999,minage_par_18_m_2000,minage_par_18_m_2001,minage_par_18_m_2002,minage_par_18_m_2003,minage_par_18_m_2004,minage_par_18_m_2005,minage_par_18_m_2006,minage_par_18_m_2007,minage_par_18_m_2008,minage_par_18_m_2009,minage_par_18_m_2010,minage_par_18_m_2011,minage_par_18_m_2012,minage_par_18_m_2013,minage_par_18_m_2014,minage_par_18_m_2015,minage_par_18_m_2016,minage_par_18_m_2017,minage_par_18_m_2018,minage_par_18_m_2019,minage_par_18_m_2020,minage_par_18_m_2021,minage_par_18_m_2022,minage_par_18_m_2023,wb_econ_label,loop_summ_label,minage_fem_loop_label,minage_mal_loop_label,protect_girl_13_label,protect_boy_13_label,protect_girl_15_label,protect_boy_15_label,protect_girl_17_label,protect_boy_17_label,legal_diff_leg_label,legal_diff_pc_label,has_loophole_fem,has_loophole_mal,gender_gap_loop,has_gender_gap,lon,lat,bbox_lon_min,bbox_lat_min,bbox_lon_max,bbox_lat_max
Afghanistan,AF,AFG,South Asia,1.0,,,,,,,,,,,,5,,,,,,,,,,,0.0,0.0,0.0,0.0,0.0,0.0,0.0,0.0,0.0,0.0,0.0,0.0,0.0,0.0,0.0,0.0,0.0,0.0,0.0,0.0,0.0,0.0,0.0,0.0,0.0,0.0,0.0,,,1.0,1.0,1.0,1.0,1.0,1.0,1.0,1.0,1.0,1.0,1.0,1.0,1.0,1.0,1.0,1.0,1.0,1.0,1.0,1.0,1.0,1.0,1.0,1.0,1.0,1.0,1.0,,,Low-income,,,,,,,,,,,,False,False,,True,65.1934520413799,33.9240478515625,60.48574218750002,29.391943359375,74.89130859375001,38.456396484375
Albania,AL,ALB,Europe & Central Asia,2.0,5.0,5.0,5.0,5.0,5.0,5.0,5.0,5.0,1.0,1.0,5.0,5,5.0,5.0,3.0,3.0,3.0,3.0,3.0,3.0,5.0,5.0,0.0,0.0,0.0,0.0,0.0,0.0,0.0,0.0,1.0,1.0,1.0,1.0,1.0,1.0,1.0,1.0,1.0,1.0,1.0,1.0,1.0,1.0,1.0,1.0,1.0,1.0,1.0,1.0,1.0,1.0,1.0,1.0,1.0,1.0,1.0,1.0,1.0,1.0,1.0,1.0,1.0,1.0,1.0,1.0,1.0,1.0,1.0,1.0,1.0,1.0,1.0,1.0,1.0,1.0,1.0,1.0,1.0,1.0,Middle-income,Kesetaraan & usia ≥ 18 tahun,≥ 18 tahun,≥ 18 tahun,Hanya dengan persetujuan pengadilan / kehamilan,Hanya dengan persetujuan pengadilan / kehamilan,Hanya dengan persetujuan pengadilan / kehamilan,Hanya dengan persetujuan pengadilan / kehamilan,Hanya dengan persetujuan pengadilan / kehamilan,Hanya dengan persetujuan pengadilan / kehamilan,Tanpa perbedaan,Tanpa perbedaan,False,False,0.0,False,20.00418241980948,41.18210449218749,19.280664062500023,39.653515625,21.031054687500017,42.64794921875
Algeria,DZ,DZA,Middle East & North Africa,2.0,5.0,5.0,5.0,5.0,5.0,5.0,5.0,5.0,1.0,1.0,5.0,3,5.0,5.0,3.0,3.0,3.0,3.0,3.0,3.0,5.0,5.0,1.0,1.0,1.0,1.0,1.0,1.0,1.0,1.0,1.0,1.0,1.0,1.0,1.0,1.0,1.0,1.0,1.0,1.0,1.0,1.0,1.0,1.0,1.0,1.0,1.0,1.0,1.0,1.0,1.0,1.0,1.0,1.0,1.0,1.0,1.0,1.0,1.0,1.0,1.0,1.0,1.0,1.0,1.0,1.0,1.0,1.0,1.0,1.0,1.0,1.0,1.0,1.0,1.0,1.0,1.0,1.0,1.0,1.0,Middle-income,Kesetaraan & usia ≥ 18 tahun,≥ 18 tahun,≥ 18 tahun,Hanya dengan persetujuan pengadilan / kehamilan,Hanya dengan persetujuan pengadilan / kehamilan,Hanya dengan persetujuan pengadilan / kehamilan,Hanya dengan persetujuan pengadilan / kehamilan,Hanya dengan persetujuan pengadilan / kehamilan,Hanya dengan persetujuan pengadilan / kehamilan,Tanpa perbedaan,Tanpa perbedaan,False,False,0.0,False,0.5954450096841892,27.9718505859375,-8.683349609375,18.986621093750003,11.967871093750006,37.0923828125
Andorra,AD,AND,Europe & Central Asia,4.0,5.0,5.0,5.0,5.0,5.0,5.0,5.0,5.0,5.0,5.0,5.0,5,5.0,5.0,5.0,5.0,5.0,5.0,5.0,5.0,5.0,5.0,,,,,,,,,,,,,,,,,,,,,,,,,,,,,,,,,,,,,,,,,,,,,,,,,,,,,,,,,,,High-income,Kesetaraan & usia ≥ 18 tahun,≥ 18 tahun,≥ 18 tahun,Dilarang secara hukum,Dilarang secara hukum,Dilarang secara hukum,Dilarang secara hukum,Dilarang secara hukum,Dilarang secara hukum,Tanpa perbedaan,Tanpa perbedaan,False,False,0.0,False,1.5720837651466892,42.539599609374996,1.414843750000017,42.434472656249994,1.740234375,42.642724609374994
Angola,AO,AGO,Sub-Saharan Africa,2.0,5.0,5.0,2.0,3.0,5.0,5.0,2.0,3.0,2.0,3.0,2.0,2,5.0,5.0,5.0,2.0,2.0,5.0,5.0,2.0,5.0,3.0,0.0,0.0,0.0,0.0,0.0,0.0,0.0,0.0,0.0,0.0,0.0,0.0,0.0,0.0,0.0,0.0,0.0,0.0,0.0,0.0,0.0,0.0,0.0,0.0,0.0,0.0,0.0,0.0,0.0,0.0,0.0,0.0,0.0,0.0,0.0,0.0,0.0,0.0,0.0,0.0,0.0,0.0,0.0,0.0,0.0,0.0,0.0,0.0,0.0,0.0,0.0,0.0,0.0,0.0,0.0,0.0,0.0,0.0,Middle-income,2 masalah: kesenjangan DAN usia 14-17,14-15 tahun,16-17 tahun,Dilarang secara hukum,Dilarang secara hukum,Boleh dengan izin orang tua / hukum adat,Dilarang secara hukum,Boleh dengan izin orang tua / hukum adat,Boleh dengan izin orang tua / hukum adat,Tanpa perbedaan,Perempuan 1-2 tahun lebih muda,True,True,1.0,True,18.859345273866772,-11.920410156250007,11.743066406250023,-18.01972656250001,24.046679687500017,-4.428906250000011
Antigua and Barbuda,AG,ATG,Americas,4.0,5.0,5.0,5.0,5.0,5.0,5.0,5.0,5.0,5.0,5.0,5.0,5,5.0,5.0,5.0,5.0,5.0,5.0,5.0,5.0,5.0,5.0,,,,,,,,,,,,,,,,,,,,,,,,,,,,,,,,,,,,,,,,,,,,,,,,,,,,,,,,,,,High-income,Kesetaraan & usia ≥ 18 tahun,≥ 18 tahun,≥ 18 tahun,Dilarang secara hukum,Dilarang secara hukum,Dilarang secara hukum,Dilarang secara hukum,Dilarang secara hukum,Dilarang secara hukum,Tanpa perbedaan,Tanpa perbedaan,False,False,0.0,False,-61.78565629684763,17.083984375,-61.887109374999994,16.99716796874999,-61.68603515625,17.714062499999997
Argentina,AR,ARG,Americas,2.0,5.0,5.0,3.0,3.0,5.0,5.0,3.0,3.0,1.0,1.0,3.0,2,5.0,5.0,3.0,3.0,2.0,3.0,3.0,2.0,5.0,5.0,0.0,0.0,0.0,0.0,0.0,0.0,0.0,0.0,0.0,0.0,0.0,0.0,0.0,0.0,1.0,1.0,1.0,1.0,1.0,1.0,0.0,0.0,0.0,0.0,0.0,0.0,0.0,0.0,0.0,1.0,1.0,1.0,1.0,1.0,1.0,1.0,1.0,1.0,1.0,1.0,1.0,1.0,1.0,1.0,1.0,1.0,1.0,1.0,1.0,0.0,0.0,0.0,0.0,0.0,0.0,0.0,0.0,0.0,Middle-income,1 masalah: kesenjangan ATAU usia 14-17,16-17 tahun,16-17 tahun,Hanya dengan persetujuan pengadilan / kehamilan,Hanya dengan persetujuan pengadilan / kehamilan,Hanya dengan persetujuan pengadilan / kehamilan,Hanya dengan persetujuan pengadilan / kehamilan,Boleh dengan izin orang tua / hukum adat,Boleh dengan izin orang tua / hukum adat,Tanpa perbedaan,Tanpa perbedaan,True,True,0.0,False,-63.97132718629783,-37.085644531250004,-73.57626953124999,-55.032128906249994,-53.66855468749999,-21.802539062500003
Armenia,AM,ARM,Europe & Central Asia,2.0,5.0,5.0,3.0,3.0,5.0,5.0,3.0,3.0,3.0,3.0,3.0,2,5.0,5.0,5.0,5.0,2.0,5.0,5.0,2.0,5.0,5.0,0.0,0.0,0.0,0.0,0.0,0.0,0.0,0.0,0.0,0.0,0.0,0.0,0.0,0.0,0.0,0.0,0.0,0.0,0.0,0.0,0.0,0.0,0.0,0.0,0.0,0.0,0.0,0.0,0.0,1.0,1.0,1.0,1.0,1.0,1.0,1.0,1.0,1.0,1.0,1.0,1.0,1.0,1.0,1.0,1.0,1.0,1.0,0.0,0.0,0.0,0.0,0.0,0.0,0.0,0.0,0.0,0.0,0.0,Middle-income,1 masalah: kesenjangan ATAU usia 14-17,16-17 tahun,16-17 tahun,Dilarang secara hukum,Dilarang secara hukum,Dilarang secara hukum,Dilarang secara hukum,Boleh dengan izin orang tua / hukum adat,Boleh dengan izin orang tua / hukum adat,Tanpa perbedaan,Tanpa perbedaan,True,True,0.0,False,44.836594042635326,40.0874755859375,43.439453125,38.869042968749994,46.58476562500002,41.290966796875
Australia,AU,AUS,East Asia & Pacific,4.0,5.0,5.0,5.0,5.0,5.0,5.0,5.0,5.0,3.0,3.0,5.0,3,5.0,5.0,5.0,5.0,3.0,5.0,5.0,3.0,5.0,5.0,,,,,,,,,,,,,,,,,,,,,,,,,,,,,,,,,,,,,,,,,,,,,,,,,,,,,,,,,,,High-income,Kesetaraan & usia ≥ 18 tahun,≥ 18 tahun,≥ 18 tahun,Dilarang secara hukum,Dilarang secara hukum,Dilarang secara hukum,Dilarang secara hukum,Hanya dengan persetujuan pengadilan / kehamilan,Hanya dengan persetujuan pengadilan / kehamilan,Tanpa perbedaan,Tanpa perbedaan,False,False,0.0,False,133.07650574087157,-24.93398437500001,112.908203125,-54.74921875000001,158.95888671875002,-10.0517578125
Austria,AT,AUT,Europe & Central Asia,4.0,5.0,5.0,5.0,5.0,5.0,5.0,5.0,5.0,3.0,3.0,5.0,3,5.0,5.0,5.0,5.0,3.0,5.0,5.0,3.0,5.0,5.0,,,,,,,,,,,,,,,,,,,,,,,,,,,,,,,,,,,,,,,,,,,,,,,,,,,,,,,,,,,High-income,Kesetaraan & usia ≥ 18 tahun,≥ 18 tahun,≥ 18 tahun,Dilarang secara hukum,Dilarang secara hukum,Dilarang secara hukum,Dilarang secara hukum,Hanya dengan persetujuan pengadilan / kehamilan,Hanya dengan persetujuan pengadilan / kehamilan,Tanpa perbedaan,Tanpa perbedaan,False,False,0.0,False,14.752072196470543,47.700732421875,9.524023437500006,46.399707031249996,17.147363281250023,49.001123046874994
Azerbaijan,AZ,AZE,Europe & Central Asia,2.0,5.0,5.0,5.0,5.0,5.0,5.0,5.0,5.0,3.0,3.0,5.0,5,5.0,5.0,5.0,5.0,3.0,5.0,5.0,3.0,5.0,5.0,1.0,1.0,1.0,1.0,0.0,0.0,0.0,0.0,0.0,0.0,0.0,0.0,0.0,0.0,0.0,0.0,1.0,1.0,1.0,1.0,1.0,1.0,1.0,1.0,1.0,1.0,1.0,1.0,1.0,1.0,1.0,1.0,1.0,1.0,1.0,1.0,1.0,1.0,1.0,1.0,1.0,1.0,1.0,1.0,1.0,1.0,1.0,1.0,1.0,1.0,1.0,1.0,1.0,1.0,1.0,1.0,1.0,1.0,Middle-income,Kesetaraan & usia ≥ 18 tahun,≥ 18 tahun,≥ 18 tahun,Dilarang secara hukum,Dilarang secara hukum,Dilarang secara hukum,Dilarang secara hukum,Hanya dengan persetujuan pengadilan / kehamilan,Hanya dengan persetujuan pengadilan / kehamilan,Tanpa perbedaan,Tanpa perbedaan,False,False,0.0,False,47.73150710048825,40.13974609375,44.76826171875001,38.398730468749996,50.36591796875001,41.890966796875
Bahamas,BS,BHS,Americas,4.0,5.0,5.0,2.0,2.0,5.0,5.0,2.0,2.0,1.0,1.0,3.0,2,5.0,5.0,3.0,2.0,2.0,3.0,2.0,2.0,5.0,5.0,,,,,,,,,,,,,,,,,,,,,,,,,,,,,,,,,,,,,,,,,,,,,,,,,,,,,,,,,,,High-income,1 masalah: kesenjangan ATAU usia 14-17,14-15 tahun,14-15 tahun,Hanya dengan persetujuan pengadilan / kehamilan,Hanya dengan persetujuan pengadilan / kehamilan,Boleh dengan izin orang tua / hukum adat,Boleh dengan izin orang tua / hukum adat,Boleh dengan izin orang tua / hukum adat,Boleh dengan izin orang tua / hukum adat,Tanpa perbedaan,Tanpa perbedaan,True,True,0.0,False,-78.37623118676187,26.648266601562497,-78.98564453124999,20.937402343749994,-72.747265625,26.940087890624994
Bahrain,BH,BHR,Middle East & North Africa,4.0,3.0,5.0,3.0,5.0,1.0,1.0,1.0,1.0,1.0,1.0,1.0,1,1.0,1.0,2.0,2.0,1.0,2.0,2.0,2.0,3.0,3.0,,,,,,,,,,,,,,,,,,,,,,,,,,,,,,,,,,,,,,,,,,,,,,,,,,,,,,,,,,,High-income,Bisa menikah ≤ 13 tahun,≤ 13 tahun,≤ 13 tahun,Boleh dengan izin orang tua / hukum adat,Boleh dengan izin orang tua / hukum adat,Boleh dengan izin orang tua / hukum adat,Boleh dengan izin orang tua / hukum adat,Tanpa pembatasan,Boleh dengan izin orang tua / hukum adat,Perempuan 1-2 tahun lebih muda,Perempuan 1-2 tahun lebih muda,True,True,0.0,False,50.54902818100871,26.030395507812496,50.45244140625002,25.806787109374994,50.61748046875002,26.246435546875
Bangladesh,BD,BGD,South Asia,2.0,5.0,5.0,5.0,5.0,1.0,1.0,1.0,1.0,1.0,1.0,1.0,3,5.0,2.0,2.0,2.0,2.0,2.0,2.0,2.0,2.0,2.0,1.0,1.0,1.0,1.0,1.0,1.0,1.0,1.0,1.0,1.0,1.0,1.0,1.0,1.0,1.0,1.0,1.0,1.0,1.0,1.0,1.0,1.0,1.0,1.0,1.0,1.0,1.0,1.0,1.0,1.0,1.0,1.0,1.0,1.0,1.0,1.0,1.0,1.0,1.0,1.0,1.0,1.0,1.0,1.0,1.0,1.0,1.0,1.0,1.0,1.0,1.0,1.0,1.0,1.0,1.0,1.0,1.0,1.0,Middle-income,Bisa menikah ≤ 13 tahun,≤ 13 tahun,≤ 13 tahun,Boleh dengan izin orang tua / hukum adat,Boleh dengan izin orang tua / hukum adat,Boleh dengan izin orang tua / hukum adat,Boleh dengan izin orang tua / hukum adat,Boleh dengan izin orang tua / hukum adat,Boleh dengan izin orang tua / hukum adat,Perempuan 3 tahun lebih muda,Perempuan 3 tahun lebih muda,True,True,0.0,False,89.8681948123376,23.680688476562494,88.0234375,20.790429687499994,92.63164062499999,26.571533203125
Barbados,BB,BRB,Americas,4.0,5.0,5.0,3.0,3.0,5.0,5.0,3.0,3.0,3.0,3.0,3.0,2,5.0,5.0,5.0,5.0,2.0,5.0,5.0,2.0,5.0,5.0,0.0,0.0,0.0,0.0,0.0,0.0,0.0,0.0,0.0,0.0,0.0,0.0,0.0,0.0,0.0,0.0,0.0,0.0,0.0,0.0,0.0,0.0,0.0,0.0,0.0,0.0,0.0,0.0,0.0,0.0,0.0,0.0,0.0,0.0,0.0,0.0,0.0,0.0,0.0,0.0,0.0,0.0,0.0,0.0,0.0,0.0,0.0,0.0,0.0,0.0,0.0,0.0,0.0,0.0,0.0,0.0,0.0,0.0,High-income,1 masalah: kesenjangan ATAU usia 14-17,16-17 tahun,16-17 tahun,Dilarang secara hukum,Dilarang secara hukum,Dilarang secara hukum,Dilarang secara hukum,Boleh dengan izin orang tua / hukum adat,Boleh dengan izin orang tua / hukum adat,Tanpa perbedaan,Tanpa perbedaan,True,True,0.0,False,-59.55058180348941,13.174804687499993,-59.6466796875,13.062207031249997,-59.427636718749994,13.317675781250003
Belarus,BY,BLR,Europe & Central Asia,2.0,5.0,5.0,5.0,5.0,5.0,5.0,5.0,5.0,2.0,2.0,5.0,5,2.0,5.0,5.0,3.0,3.0,5.0,3.0,3.0,5.0,5.0,1.0,1.0,1.0,1.0,1.0,1.0,1.0,1.0,1.0,1.0,1.0,1.0,1.0,1.0,1.0,1.0,1.0,1.0,1.0,1.0,1.0,1.0,1.0,1.0,1.0,1.0,1.0,1.0,1.0,1.0,1.0,1.0,1.0,1.0,1.0,1.0,1.0,1.0,1.0,1.0,1.0,1.0,1.0,1.0,1.0,1.0,1.0,1.0,1.0,1.0,1.0,1.0,1.0,1.0,1.0,1.0,1.0,1.0,Middle-income,Kesetaraan & usia ≥ 18 tahun,≥ 18 tahun,≥ 18 tahun,Dilarang secara hukum,Dilarang secara hukum,Hanya dengan persetujuan pengadilan / kehamilan,Hanya dengan persetujuan pengadilan / kehamilan,Hanya dengan persetujuan pengadilan / kehamilan,Hanya dengan persetujuan pengadilan / kehamilan,Tanpa perbedaan,Tanpa perbedaan,False,False,0.0,False,27.938983429939533,53.737084960937494,23.175097656250017,51.265039062499994,32.71025390625002,56.145800781249996
Belgium,BE,BEL,Europe & Central Asia,4.0,5.0,5.0,5.0,5.0,5.0,5.0,5.0,5.0,1.0,1.0,5.0,3,5.0,5.0,3.0,3.0,3.0,3.0,3.0,3.0,5.0,5.0,,,,,,,,,,,,,,,,,,,,,,,,,,,,,,,,,,,,,,,,,,,,,,,,,,,,,,,,,,,High-income,Kesetaraan & usia ≥ 18 tahun,≥ 18 tahun,≥ 18 tahun,Hanya dengan persetujuan pengadilan / kehamilan,Hanya dengan persetujuan pengadilan / kehamilan,Hanya dengan persetujuan pengadilan / kehamilan,Hanya dengan persetujuan pengadilan / kehamilan,Hanya dengan persetujuan pengadilan / kehamilan,Hanya dengan persetujuan pengadilan / kehamilan,Tanpa perbedaan,Tanpa perbedaan,False,False,0.0,False,4.797571030140901,50.50341796875,2.52490234375,49.510888671874994,6.364453125000011,51.491113281249994
Belize,BZ,BLZ,Americas,2.0,5.0,5.0,3.0,3.0,5.0,5.0,3.0,3.0,3.0,3.0,3.0,2,5.0,5.0,5.0,5.0,2.0,5.0,5.0,2.0,5.0,5.0,0.0,0.0,0.0,0.0,0.0,0.0,0.0,0.0,0.0,0.0,0.0,0.0,0.0,0.0,0.0,0.0,0.0,0.0,0.0,0.0,0.0,0.0,0.0,0.0,0.0,0.0,0.0,0.0,0.0,0.0,0.0,0.0,0.0,0.0,0.0,0.0,0.0,0.0,0.0,0.0,0.0,0.0,0.0,0.0,0.0,0.0,0.0,0.0,0.0,0.0,0.0,0.0,0.0,0.0,0.0,0.0,0.0,0.0,Middle-income,1 masalah: kesenjangan ATAU usia 14-17,16-17 tahun,16-17 tahun,Dilarang secara hukum,Dilarang secara hukum,Dilarang secara hukum,Dilarang secara hukum,Boleh dengan izin orang tua / hukum adat,Boleh dengan izin orang tua / hukum adat,Tanpa perbedaan,Tanpa perbedaan,True,True,0.0,False,-88.737346800695,17.1384033203125,-89.2375,15.888671875,-87.78862304687499,18.482324218749994
Benin,BJ,BEN,Sub-Saharan Africa,2.0,5.0,5.0,5.0,5.0,5.0,5.0,5.0,5.0,5.0,5.0,5.0,5,5.0,5.0,5.0,5.0,5.0,5.0,5.0,5.0,5.0,5.0,0.0,0.0,0.0,0.0,0.0,0.0,0.0,0.0,0.0,1.0,1.0,1.0,1.0,1.0,1.0,1.0,1.0,1.0,1.0,1.0,1.0,1.0,1.0,1.0,1.0,1.0,1.0,1.0,1.0,1.0,1.0,1.0,1.0,1.0,1.0,1.0,1.0,1.0,1.0,1.0,1.0,1.0,1.0,1.0,1.0,1.0,1.0,1.0,1.0,1.0,1.0,1.0,1.0,1.0,1.0,1.0,1.0,1.0,Middle-income,Kesetaraan & usia ≥ 18 tahun,≥ 18 tahun,≥ 18 tahun,Dilarang secara hukum,Dilarang secara hukum,Dilarang secara hukum,Dilarang secara hukum,Dilarang secara hukum,Dilarang secara hukum,Tanpa perbedaan,Tanpa perbedaan,False,False,0.0,False,2.2791753601394156,9.30280761718749,0.7633789062500114,6.216796875,3.83447265625,12.383837890624989
Bhutan,BT,BTN,South Asia,2.0,5.0,5.0,5.0,5.0,5.0,5.0,5.0,5.0,5.0,5.0,5.0,5,5.0,5.0,5.0,5.0,5.0,5.0,5.0,5.0,5.0,5.0,0.0,1.0,1.0,1.0,1.0,1.0,1.0,1.0,1.0,1.0,1.0,1.0,1.0,1.0,1.0,1.0,1.0,1.0,1.0,1.0,1.0,1.0,1.0,1.0,1.0,1.0,1.0,1.0,1.0,1.0,1.0,1.0,1.0,1.0,1.0,1.0,1.0,1.0,1.0,1.0,1.0,1.0,1.0,1.0,1.0,1.0,1.0,1.0,1.0,1.0,1.0,1.0,1.0,1.0,1.0,1.0,1.0,1.0,Middle-income,Kesetaraan & usia ≥ 18 tahun,≥ 18 tahun,≥ 18 tahun,Dilarang secara hukum,Dilarang secara hukum,Dilarang secara hukum,Dilarang secara hukum,Dilarang secara hukum,Dilarang secara hukum,Tanpa perbedaan,Tanpa perbedaan,False,False,0.0,False,90.32701614780055,27.505737304687496,88.73876953125,26.701562500000023,92.08339843750002,28.311181640624994
Bolivia,BO,BOL,Americas,2.0,5.0,5.0,3.0,3.0,5.0,5.0,3.0,3.0,3.0,3.0,3.0,2,5.0,5.0,5.0,5.0,2.0,5.0,5.0,2.0,5.0,5.0,0.0,0.0,0.0,0.0,0.0,0.0,0.0,0.0,0.0,0.0,0.0,0.0,0.0,0.0,0.0,0.0,0.0,0.0,0.0,0.0,0.0,0.0,0.0,0.0,0.0,0.0,0.0,0.0,0.0,0.0,0.0,0.0,0.0,0.0,0.0,0.0,0.0,0.0,0.0,0.0,0.0,0.0,0.0,0.0,0.0,0.0,0.0,0.0,0.0,0.0,0.0,0.0,0.0,0.0,0.0,0.0,0.0,0.0,Middle-income,1 masalah: kesenjangan ATAU usia 14-17,16-17 tahun,16-17 tahun,Dilarang secara hukum,Dilarang secara hukum,Dilarang secara hukum,Dilarang secara hukum,Boleh dengan izin orang tua / hukum adat,Boleh dengan izin orang tua / hukum adat,Tanpa perbedaan,Tanpa perbedaan,True,True,0.0,False,-64.06577719783438,-16.301953125000004,-69.645703125,-22.891699218750006,-57.49565429687499,-9.71044921875
Bosnia and Herzegovina,BA,BIH,Europe & Central Asia,2.0,5.0,5.0,5.0,5.0,5.0,5.0,5.0,5.0,3.0,3.0,5.0,5,5.0,5.0,5.0,5.0,3.0,5.0,5.0,3.0,5.0,5.0,,,,,,,,,,1.0,1.0,1.0,1.0,1.0,1.0,1.0,1.0,1.0,1.0,1.0,1.0,1.0,1.0,1.0,1.0,1.0,1.0,1.0,1.0,,,,,,,,,,1.0,1.0,1.0,1.0,1.0,1.0,1.0,1.0,1.0,1.0,1.0,1.0,1.0,1.0,1.0,1.0,1.0,1.0,1.0,1.0,Middle-income,Kesetaraan & usia ≥ 18 tahun,≥ 18 tahun,≥ 18 tahun,Dilarang secara hukum,Dilarang secara hukum,Dilarang secara hukum,Dilarang secara hukum,Hanya dengan persetujuan pengadilan / kehamilan,Hanya dengan persetujuan pengadilan / kehamilan,Tanpa perbedaan,Tanpa perbedaan,False,False,0.0,False,17.922063934060425,43.928247070312494,15.736621093750017,42.559716796874994,19.583789062500017,45.2765625
Botswana,BW,BWA,Sub-Saharan Africa,2.0,5.0,5.0,5.0,5.0,9.0,9.0,9.0,9.0,9.0,9.0,9.0,5,5.0,2.0,2.0,2.0,2.0,2.0,2.0,2.0,5.0,5.0,0.0,0.0,0.0,0.0,0.0,0.0,1.0,1.0,1.0,1.0,1.0,1.0,1.0,1.0,1.0,1.0,1.0,1.0,1.0,1.0,1.0,1.0,1.0,1.0,1.0,1.0,1.0,1.0,1.0,0.0,0.0,0.0,0.0,0.0,0.0,1.0,1.0,1.0,1.0,1.0,1.0,1.0,1.0,1.0,1.0,1.0,1.0,1.0,1.0,1.0,1.0,1.0,1.0,1.0,1.0,1.0,1.0,1.0,Middle-income,Mungkin < 18 (diatur adat/agama),Tidak diketahui (adat/agama),Tidak diketahui (adat/agama),Boleh dengan izin orang tua / hukum adat,Boleh dengan izin orang tua / hukum adat,Boleh dengan izin orang tua / hukum adat,Boleh dengan izin orang tua / hukum adat,Boleh dengan izin orang tua / hukum adat,Boleh dengan izin orang tua / hukum adat,Tanpa perbedaan,Tanpa perbedaan,False,False,,False,24.478685816627117,-22.336767578125006,19.977343750000017,-26.85419921875001,29.364843750000006,-17.78759765625
Brazil,BR,BRA,Americas,2.0,5.0,5.0,3.0,3.0,5.0,5.0,3.0,3.0,3.0,3.0,3.0,2,5.0,5.0,5.0,5.0,2.0,5.0,5.0,2.0,5.0,5.0,0.0,0.0,0.0,0.0,0.0,0.0,0.0,0.0,0.0,0.0,0.0,0.0,0.0,0.0,0.0,0.0,0.0,0.0,0.0,0.0,0.0,0.0,0.0,0.0,0.0,0.0,0.0,0.0,0.0,1.0,1.0,1.0,1.0,1.0,1.0,1.0,0.0,0.0,0.0,0.0,0.0,0.0,0.0,0.0,0.0,0.0,0.0,0.0,0.0,0.0,0.0,0.0,0.0,0.0,0.0,0.0,0.0,0.0,Middle-income,1 masalah: kesenjangan ATAU usia 14-17,16-17 tahun,16-17 tahun,Dilarang secara hukum,Dilarang secara hukum,Dilarang secara hukum,Dilarang secara hukum,Boleh dengan izin orang tua / hukum adat,Boleh dengan izin orang tua / hukum adat,Tanpa perbedaan,Tanpa perbedaan,True,True,0.0,False,-49.72302196623852,-14.22392578125001,-74.00205078124999,-33.7421875,-34.80546874999999,5.257958984374994
Brunei,BN,BRN,East Asia & Pacific,4.0,5.0,5.0,2.0,2.0,9.0,9.0,9.0,9.0,9.0,9.0,9.0,2,5.0,2.0,2.0,2.0,2.0,2.0,2.0,2.0,5.0,5.0,,,,,,,,,,,,,,,,,,,,,,,,,,,,,,,,,,,,,,,,,,,,,,,,,,,,,,,,,,,High-income,Mungkin < 18 (diatur adat/agama),Tidak diketahui (adat/agama),Tidak diketahui (adat/agama),Boleh dengan izin orang tua / hukum adat,Boleh dengan izin orang tua / hukum adat,Boleh dengan izin orang tua / hukum adat,Boleh dengan izin orang tua / hukum adat,Boleh dengan izin orang tua / hukum adat,Boleh dengan izin orang tua / hukum adat,Tanpa perbedaan,Tanpa perbedaan,False,False,,False,114.490968843643,4.5024169921874915,114.06386718750002,4.023974609374989,115.32675781250003,5.022363281249994
Bulgaria,BG,BGR,Europe & Central Asia,2.0,5.0,5.0,5.0,5.0,5.0,5.0,5.0,5.0,3.0,3.0,5.0,5,5.0,5.0,5.0,5.0,3.0,5.0,5.0,3.0,5.0,5.0,,,,,,,,,,,,,,,,,,,,,,,,,,,,,,,,,,,,,,,,,,,,,,,,,,,,,,,,,,,Middle-income,Kesetaraan & usia ≥ 18 tahun,≥ 18 tahun,≥ 18 tahun,Dilarang secara hukum,Dilarang secara hukum,Dilarang secara hukum,Dilarang secara hukum,Hanya dengan persetujuan pengadilan / kehamilan,Hanya dengan persetujuan pengadilan / kehamilan,Tanpa perbedaan,Tanpa perbedaan,False,False,0.0,False,25.159119777814723,42.733178710937494,22.344042968750017,41.243554687499994,28.585351562500023,44.23779296875
Burkina Faso,BF,BFA,Sub-Saharan Africa,1.0,5.0,5.0,3.0,5.0,5.0,5.0,3.0,5.0,2.0,5.0,2.0,2,5.0,5.0,5.0,3.0,2.0,5.0,5.0,5.0,5.0,2.0,0.0,0.0,0.0,0.0,0.0,0.0,0.0,0.0,0.0,0.0,0.0,0.0,0.0,0.0,0.0,0.0,0.0,0.0,0.0,0.0,0.0,0.0,0.0,0.0,0.0,0.0,0.0,0.0,0.0,1.0,1.0,1.0,1.0,1.0,1.0,1.0,1.0,1.0,1.0,1.0,1.0,1.0,1.0,1.0,1.0,1.0,1.0,1.0,1.0,1.0,1.0,1.0,1.0,1.0,1.0,1.0,1.0,1.0,Low-income,2 masalah: kesenjangan DAN usia 14-17,16-17 tahun,≥ 18 tahun,Dilarang secara hukum,Dilarang secara hukum,Hanya dengan persetujuan pengadilan / kehamilan,Dilarang secara hukum,Boleh dengan izin orang tua / hukum adat,Dilarang secara hukum,Tanpa perbedaan,Perempuan 3 tahun lebih muda,True,False,2.0,True,-1.2025408950600023,12.252221679687494,-5.523535156249977,9.424707031249994,2.38916015625,15.077880859375
Burundi,BI,BDI,Sub-Saharan Africa,1.0,5.0,5.0,5.0,5.0,5.0,5.0,5.0,5.0,1.0,1.0,3.0,3,5.0,5.0,3.0,3.0,3.0,3.0,3.0,3.0,5.0,2.0,1.0,1.0,1.0,1.0,1.0,1.0,1.0,1.0,1.0,1.0,1.0,1.0,1.0,1.0,1.0,1.0,1.0,1.0,1.0,1.0,1.0,1.0,1.0,1.0,1.0,1.0,1.0,1.0,1.0,1.0,1.0,1.0,1.0,1.0,1.0,1.0,1.0,1.0,1.0,1.0,1.0,1.0,1.0,1.0,1.0,1.0,1.0,1.0,1.0,1.0,1.0,1.0,1.0,1.0,1.0,1.0,1.0,1.0,Low-income,1 masalah: kesenjangan ATAU usia 14-17,≥ 18 tahun,≥ 18 tahun,Hanya dengan persetujuan pengadilan / kehamilan,Hanya dengan persetujuan pengadilan / kehamilan,Hanya dengan persetujuan pengadilan / kehamilan,Hanya dengan persetujuan pengadilan / kehamilan,Hanya dengan persetujuan pengadilan / kehamilan,Hanya dengan persetujuan pengadilan / kehamilan,Tanpa perbedaan,Perempuan 3 tahun lebih muda,False,False,0.0,False,29.914368153032697,-3.3775390625000057,29.01416015625,-4.455859375000003,30.811425781250023,-2.31298828125
Cambodia,KH,KHM,East Asia & Pacific,2.0,5.0,5.0,3.0,3.0,5.0,5.0,3.0,3.0,3.0,3.0,3.0,2,5.0,5.0,5.0,5.0,2.0,5.0,5.0,2.0,5.0,5.0,1.0,1.0,1.0,1.0,1.0,1.0,1.0,1.0,1.0,1.0,1.0,1.0,0.0,0.0,0.0,0.0,0.0,0.0,0.0,0.0,0.0,0.0,0.0,0.0,0.0,0.0,0.0,0.0,0.0,1.0,1.0,1.0,1.0,1.0,1.0,1.0,1.0,1.0,1.0,1.0,1.0,0.0,0.0,0.0,0.0,0.0,0.0,0.0,0.0,0.0,0.0,0.0,0.0,0.0,0.0,0.0,0.0,0.0,Middle-income,1 masalah: kesenjangan ATAU usia 14-17,16-17 tahun,16-17 tahun,Dilarang secara hukum,Dilarang secara hukum,Dilarang secara hukum,Dilarang secara hukum,Boleh dengan izin orang tua / hukum adat,Boleh dengan izin orang tua / hukum adat,Tanpa perbedaan,Tanpa perbedaan,True,True,0.0,False,105.09925116973855,12.554956054687494,102.31972656250002,10.411230468749991,107.60546875,14.705078125
Cameroon,CM,CMR,Sub-Saharan Africa,2.0,5.0,5.0,2.0,5.0,9.0,9.0,9.0,9.0,9.0,9.0,9.0,2,5.0,2.0,2.0,2.0,2.0,2.0,2.0,2.0,5.0,2.0,0.0,0.0,0.0,0.0,0.0,0.0,0.0,0.0,0.0,0.0,0.0,0.0,0.0,0.0,0.0,0.0,0.0,0.0,0.0,0.0,0.0,0.0,0.0,0.0,0.0,0.0,0.0,0.0,0.0,1.0,1.0,1.0,1.0,1.0,1.0,1.0,1.0,1.0,1.0,1.0,1.0,1.0,1.0,1.0,1.0,1.0,1.0,1.0,1.0,1.0,1.0,1.0,1.0,1.0,1.0,1.0,1.0,1.0,Middle-income,Mungkin < 18 (diatur adat/agama),Tidak diketahui (adat/agama),Tidak diketahui (adat/agama),Boleh dengan izin orang tua / hukum adat,Boleh dengan izin orang tua / hukum adat,Boleh dengan izin orang tua / hukum adat,Boleh dengan izin orang tua / hukum adat,Boleh dengan izin orang tua / hukum adat,Boleh dengan izin orang tua / hukum adat,Tanpa perbedaan,Perempuan 3 tahun lebih muda,False,False,,False,13.613988278744763,7.379443359374996,8.532812500000006,1.6762207031249972,16.183398437500017,13.078515624999994
Canada,CA,CAN,Americas,4.0,5.0,5.0,3.0,3.0,5.0,5.0,3.0,3.0,3.0,3.0,3.0,2,5.0,5.0,5.0,5.0,2.0,5.0,5.0,2.0,5.0,5.0,,,,,,,,,,,,,,,,,,,,,,,,,,,,,,,,,,,,,,,,,,,,,,,,,,,,,,,,,,,High-income,1 masalah: kesenjangan ATAU usia 14-17,16-17 tahun,16-17 tahun,Dilarang secara hukum,Dilarang secara hukum,Dilarang secara hukum,Dilarang secara hukum,Boleh dengan izin orang tua / hukum adat,Boleh dengan izin orang tua / hukum adat,Tanpa perbedaan,Tanpa perbedaan,True,True,0.0,False,-110.42654702241967,56.8257568359375,-141.0021484375,41.674853515624996,-52.65366210937499,83.11611328125
Cabo Verde,CV,CPV,Sub-Saharan Africa,2.0,5.0,5.0,3.0,3.0,5.0,5.0,3.0,3.0,3.0,3.0,3.0,2,5.0,5.0,5.0,5.0,2.0,5.0,5.0,2.0,5.0,5.0,0.0,0.0,0.0,0.0,0.0,0.0,0.0,0.0,0.0,0.0,0.0,0.0,0.0,0.0,0.0,0.0,0.0,0.0,0.0,0.0,0.0,0.0,0.0,0.0,0.0,0.0,0.0,0.0,0.0,0.0,0.0,0.0,0.0,0.0,0.0,0.0,0.0,0.0,0.0,0.0,0.0,0.0,0.0,0.0,0.0,0.0,0.0,0.0,0.0,0.0,0.0,0.0,0.0,0.0,0.0,0.0,0.0,0.0,Middle-income,1 masalah: kesenjangan ATAU usia 14-17,16-17 tahun,16-17 tahun,Dilarang secara hukum,Dilarang secara hukum,Dilarang secara hukum,Dilarang secara hukum,Boleh dengan izin orang tua / hukum adat,Boleh dengan izin orang tua / hukum adat,Tanpa perbedaan,Tanpa perbedaan,True,True,0.0,False,-25.173805013677125,17.058520507812496,-25.341552734375,14.818212890624991,-22.681884765625,17.193652343750003
Central African Republic,CF,CAF,Sub-Saharan Africa,1.0,5.0,5.0,5.0,5.0,5.0,5.0,5.0,5.0,5.0,5.0,5.0,5,5.0,5.0,5.0,5.0,5.0,5.0,5.0,5.0,5.0,5.0,0.0,0.0,0.0,1.0,1.0,1.0,1.0,1.0,1.0,1.0,1.0,1.0,1.0,1.0,1.0,1.0,1.0,1.0,1.0,1.0,1.0,1.0,1.0,1.0,1.0,1.0,1.0,1.0,1.0,1.0,1.0,1.0,1.0,1.0,1.0,1.0,1.0,1.0,1.0,1.0,1.0,1.0,1.0,1.0,1.0,1.0,1.0,1.0,1.0,1.0,1.0,1.0,1.0,1.0,1.0,1.0,1.0,1.0,Low-income,Kesetaraan & usia ≥ 18 tahun,≥ 18 tahun,≥ 18 tahun,Dilarang secara hukum,Dilarang secara hukum,Dilarang secara hukum,Dilarang secara hukum,Dilarang secara hukum,Dilarang secara hukum,Tanpa perbedaan,Tanpa perbedaan,False,False,0.0,False,20.618658679694725,6.595507812499989,14.43115234375,2.2700683593749886,27.4033203125,10.996240234374994
Chad,TD,TCD,Sub-Saharan Africa,1.0,5.0,5.0,5.0,5.0,5.0,5.0,5.0,5.0,5.0,5.0,5.0,5,5.0,5.0,5.0,5.0,5.0,5.0,5.0,5.0,5.0,5.0,0.0,0.0,0.0,0.0,0.0,0.0,0.0,0.0,0.0,0.0,0.0,0.0,0.0,0.0,0.0,0.0,0.0,0.0,0.0,0.0,1.0,1.0,1.0,1.0,1.0,1.0,1.0,1.0,1.0,1.0,1.0,1.0,1.0,1.0,1.0,1.0,1.0,1.0,1.0,1.0,1.0,1.0,1.0,1.0,1.0,1.0,1.0,1.0,1.0,1.0,1.0,1.0,1.0,1.0,1.0,1.0,1.0,1.0,Low-income,Kesetaraan & usia ≥ 18 tahun,≥ 18 tahun,≥ 18 tahun,Dilarang secara hukum,Dilarang secara hukum,Dilarang secara hukum,Dilarang secara hukum,Dilarang secara hukum,Dilarang secara hukum,Tanpa perbedaan,Tanpa perbedaan,False,False,0.0,False,18.53588467575388,15.398046874999999,13.4482421875,7.475292968749997,23.9833984375,23.445214843749994
Chile,CL,CHL,Americas,4.0,5.0,5.0,5.0,5.0,5.0,5.0,5.0,5.0,5.0,5.0,5.0,5,5.0,5.0,5.0,5.0,5.0,5.0,5.0,5.0,5.0,5.0,,,,,,,,,,,,,,,,,,,,,,,,,,,,,,,,,,,,,,,,,,,,,,,,,,,,,,,,,,,High-income,Kesetaraan & usia ≥ 18 tahun,≥ 18 tahun,≥ 18 tahun,Dilarang secara hukum,Dilarang secara hukum,Dilarang secara hukum,Dilarang secara hukum,Dilarang secara hukum,Dilarang secara hukum,Tanpa perbedaan,Tanpa perbedaan,False,False,0.0,False,-71.50230520323588,-35.684423828125006,-109.434130859375,-55.891699218750006,-66.435791015625,-17.50605468750001
China,CN,CHN,East Asia & Pacific,2.0,5.0,5.0,5.0,5.0,5.0,5.0,5.0,5.0,5.0,5.0,3.0,5,5.0,5.0,5.0,5.0,5.0,5.0,5.0,5.0,3.0,3.0,,,,,,,,,,,,,,,,,,,,,,,,,,,,,,,,,,,,,,,,,,,,,,,,,,,,,,,,,,,Middle-income,1 masalah: kesenjangan ATAU usia 14-17,≥ 18 tahun,≥ 18 tahun,Dilarang secara hukum,Dilarang secara hukum,Dilarang secara hukum,Dilarang secara hukum,Dilarang secara hukum,Dilarang secara hukum,Perempuan 1-2 tahun lebih muda,Perempuan 1-2 tahun lebih muda,False,False,0.0,False,98.58217414150822,36.898583984374994,73.60732421875002,18.21826171875,134.75234375000002,53.555615234375
Colombia,CO,COL,Americas,2.0,5.0,5.0,1.0,2.0,5.0,5.0,1.0,2.0,1.0,2.0,1.0,2,5.0,5.0,2.0,2.0,2.0,5.0,2.0,2.0,5.0,3.0,0.0,0.0,0.0,0.0,0.0,0.0,0.0,0.0,0.0,0.0,0.0,0.0,0.0,0.0,0.0,0.0,0.0,0.0,0.0,0.0,0.0,0.0,0.0,0.0,0.0,0.0,0.0,0.0,0.0,0.0,0.0,0.0,0.0,0.0,0.0,0.0,0.0,0.0,0.0,0.0,0.0,0.0,0.0,0.0,0.0,0.0,0.0,0.0,0.0,0.0,0.0,0.0,0.0,0.0,0.0,0.0,0.0,0.0,Middle-income,Bisa menikah ≤ 13 tahun,≤ 13 tahun,14-15 tahun,Boleh dengan izin orang tua / hukum adat,Dilarang secara hukum,Boleh dengan izin orang tua / hukum adat,Boleh dengan izin orang tua / hukum adat,Boleh dengan izin orang tua / hukum adat,Boleh dengan izin orang tua / hukum adat,Tanpa perbedaan,Perempuan 1-2 tahun lebih muda,True,True,1.0,True,-72.5870088744902,4.1087402343749915,-79.02543945312499,-4.235937500000006,-66.87602539062499,12.434374999999989
Comoros,KM,COM,Sub-Saharan Africa,2.0,5.0,5.0,5.0,5.0,,,,,1.0,1.0,,3,5.0,,,,,,,,5.0,5.0,0.0,0.0,0.0,0.0,0.0,0.0,1.0,1.0,1.0,1.0,1.0,1.0,1.0,1.0,1.0,1.0,1.0,1.0,1.0,1.0,1.0,1.0,1.0,1.0,1.0,1.0,1.0,1.0,1.0,0.0,0.0,0.0,0.0,0.0,0.0,1.0,1.0,1.0,1.0,1.0,1.0,1.0,1.0,1.0,1.0,1.0,1.0,1.0,1.0,1.0,1.0,1.0,1.0,1.0,1.0,1.0,1.0,1.0,Middle-income,,,,,,,,,,Tanpa perbedaan,Tanpa perbedaan,False,False,,True,44.39341935318265,-12.196289062500007,43.226660156250006,-12.368261718750006,44.52675781250002,-11.368457031250003
Democratic Republic of the Congo,CD,COD,Sub-Saharan Africa,1.0,5.0,5.0,5.0,5.0,5.0,5.0,5.0,5.0,5.0,5.0,5.0,5,5.0,5.0,5.0,5.0,5.0,5.0,5.0,5.0,5.0,5.0,0.0,0.0,0.0,0.0,0.0,0.0,0.0,0.0,0.0,0.0,0.0,0.0,0.0,0.0,1.0,1.0,1.0,1.0,1.0,1.0,1.0,1.0,1.0,1.0,1.0,1.0,1.0,1.0,1.0,1.0,1.0,1.0,1.0,1.0,1.0,1.0,1.0,1.0,1.0,1.0,1.0,1.0,1.0,1.0,1.0,1.0,1.0,1.0,1.0,1.0,1.0,1.0,1.0,1.0,1.0,1.0,1.0,1.0,Low-income,Kesetaraan & usia ≥ 18 tahun,≥ 18 tahun,≥ 18 tahun,Dilarang secara hukum,Dilarang secara hukum,Dilarang secara hukum,Dilarang secara hukum,Dilarang secara hukum,Dilarang secara hukum,Tanpa perbedaan,Tanpa perbedaan,False,False,0.0,False,22.43666782924108,-4.0594726562500085,12.213671875000017,-13.453808593750011,31.274023437500006,5.3121093749999915
Republic of the Congo,CG,COG,Sub-Saharan Africa,2.0,5.0,5.0,5.0,5.0,5.0,5.0,5.0,5.0,1.0,1.0,3.0,3,5.0,5.0,3.0,3.0,3.0,3.0,3.0,3.0,2.0,2.0,1.0,1.0,1.0,1.0,1.0,1.0,1.0,1.0,1.0,1.0,1.0,1.0,1.0,1.0,1.0,1.0,1.0,1.0,1.0,1.0,1.0,1.0,1.0,1.0,1.0,1.0,1.0,1.0,1.0,1.0,1.0,1.0,1.0,1.0,1.0,1.0,1.0,1.0,1.0,1.0,1.0,1.0,1.0,1.0,1.0,1.0,1.0,1.0,1.0,1.0,1.0,1.0,1.0,1.0,1.0,1.0,1.0,1.0,Middle-income,1 masalah: kesenjangan ATAU usia 14-17,≥ 18 tahun,≥ 18 tahun,Hanya dengan persetujuan pengadilan / kehamilan,Hanya dengan persetujuan pengadilan / kehamilan,Hanya dengan persetujuan pengadilan / kehamilan,Hanya dengan persetujuan pengadilan / kehamilan,Hanya dengan persetujuan pengadilan / kehamilan,Hanya dengan persetujuan pengadilan / kehamilan,Perempuan 3 tahun lebih muda,Perempuan 3 tahun lebih muda,False,False,0.0,False,16.04036895589014,-0.6966796875000085,11.130175781250017,-5.0042968750000085,18.622167968750006,3.6873046874999886
Costa Rica,CR,CRI,Americas,2.0,5.0,5.0,5.0,5.0,5.0,5.0,5.0,5.0,5.0,5.0,5.0,5,5.0,5.0,5.0,5.0,5.0,5.0,5.0,5.0,5.0,5.0,0.0,0.0,0.0,0.0,0.0,0.0,0.0,0.0,0.0,0.0,0.0,0.0,0.0,0.0,0.0,0.0,0.0,0.0,0.0,0.0,0.0,0.0,1.0,1.0,1.0,1.0,1.0,1.0,1.0,0.0,0.0,0.0,0.0,0.0,0.0,0.0,0.0,0.0,0.0,0.0,0.0,0.0,0.0,0.0,0.0,0.0,0.0,0.0,0.0,0.0,0.0,1.0,1.0,1.0,1.0,1.0,1.0,1.0,Middle-income,Kesetaraan & usia ≥ 18 tahun,≥ 18 tahun,≥ 18 tahun,Dilarang secara hukum,Dilarang secara hukum,Dilarang secara hukum,Dilarang secara hukum,Dilarang secara hukum,Dilarang secara hukum,Tanpa perbedaan,Tanpa perbedaan,False,False,0.0,False,-83.65524454909627,9.633374023437497,-85.90800781249999,8.070654296874991,-82.56357421874999,11.189453125
Cote d'Ivoire,CI,CIV,Sub-Saharan Africa,2.0,5.0,5.0,5.0,5.0,5.0,5.0,5.0,5.0,5.0,5.0,5.0,5,5.0,5.0,5.0,5.0,5.0,5.0,5.0,5.0,5.0,5.0,1.0,1.0,1.0,1.0,1.0,1.0,1.0,1.0,1.0,1.0,1.0,1.0,1.0,1.0,1.0,1.0,1.0,1.0,1.0,1.0,1.0,1.0,1.0,1.0,1.0,1.0,1.0,1.0,1.0,1.0,1.0,1.0,1.0,1.0,1.0,1.0,1.0,1.0,1.0,1.0,1.0,1.0,1.0,1.0,1.0,1.0,1.0,1.0,1.0,1.0,1.0,1.0,1.0,1.0,1.0,1.0,1.0,1.0,Middle-income,Kesetaraan & usia ≥ 18 tahun,≥ 18 tahun,≥ 18 tahun,Dilarang secara hukum,Dilarang secara hukum,Dilarang secara hukum,Dilarang secara hukum,Dilarang secara hukum,Dilarang secara hukum,Tanpa perbedaan,Tanpa perbedaan,False,False,0.0,False,-5.695146864551597,7.5317138671874915,-8.603564453124989,4.351318359375,-2.505859375,10.724072265624997
Croatia,HR,HRV,Europe & Central Asia,4.0,5.0,5.0,5.0,5.0,5.0,5.0,5.0,5.0,3.0,3.0,5.0,5,5.0,5.0,5.0,5.0,3.0,5.0,5.0,3.0,5.0,5.0,,,,,,,,,,,,,,,,,,,,,,,,,,,,,,,,,,,,,,,,,,,,,,,,,,,,,,,,,,,High-income,Kesetaraan & usia ≥ 18 tahun,≥ 18 tahun,≥ 18 tahun,Dilarang secara hukum,Dilarang secara hukum,Dilarang secara hukum,Dilarang secara hukum,Hanya dengan persetujuan pengadilan / kehamilan,Hanya dengan persetujuan pengadilan / kehamilan,Tanpa perbedaan,Tanpa perbedaan,False,False,0.0,False,15.339919262010955,44.7362060546875,13.517187500000006,42.432910156249996,19.400976562500006,46.534619140625
Cuba,CU,CUB,Americas,2.0,5.0,5.0,5.0,5.0,5.0,5.0,5.0,5.0,5.0,5.0,5.0,5,5.0,5.0,5.0,5.0,5.0,5.0,5.0,5.0,5.0,5.0,0.0,0.0,0.0,0.0,0.0,0.0,0.0,0.0,0.0,0.0,0.0,0.0,0.0,0.0,0.0,0.0,0.0,0.0,0.0,0.0,0.0,0.0,0.0,0.0,0.0,0.0,0.0,1.0,1.0,0.0,0.0,0.0,0.0,0.0,0.0,0.0,0.0,0.0,0.0,0.0,0.0,0.0,0.0,0.0,0.0,0.0,0.0,0.0,0.0,0.0,0.0,0.0,0.0,0.0,0.0,0.0,1.0,1.0,Middle-income,Kesetaraan & usia ≥ 18 tahun,≥ 18 tahun,≥ 18 tahun,Dilarang secara hukum,Dilarang secara hukum,Dilarang secara hukum,Dilarang secara hukum,Dilarang secara hukum,Dilarang secara hukum,Tanpa perbedaan,Tanpa perbedaan,False,False,0.0,False,-77.95791667758431,21.526708984375,-84.88720703125,19.85546875,-74.13681640624999,23.1904296875
Cyprus,CY,CYP,Europe & Central Asia,4.0,5.0,5.0,5.0,5.0,5.0,5.0,5.0,5.0,5.0,5.0,5.0,5,5.0,5.0,5.0,5.0,5.0,5.0,5.0,5.0,5.0,5.0,,,,,,,,,,,,,,,,,,,,,,,,,,,,,,,,,,,,,,,,,,,,,,,,,,,,,,,,,,,High-income,Kesetaraan & usia ≥ 18 tahun,≥ 18 tahun,≥ 18 tahun,Dilarang secara hukum,Dilarang secara hukum,Dilarang secara hukum,Dilarang secara hukum,Dilarang secara hukum,Dilarang secara hukum,Tanpa perbedaan,Tanpa perbedaan,False,False,0.0,False,32.977608227825385,34.8798828125,32.30097656250001,34.569580078125,34.05019531250002,35.182666015624996
Czech Republic,CZ,CZE,Europe & Central Asia,4.0,5.0,5.0,5.0,5.0,5.0,5.0,5.0,5.0,3.0,3.0,5.0,5,5.0,5.0,5.0,5.0,3.0,5.0,5.0,3.0,5.0,5.0,,,,,,,,,,,,,,,,,,,,,,,,,,,,,,,,,,,,,,,,,,,,,,,,,,,,,,,,,,,High-income,Kesetaraan & usia ≥ 18 tahun,≥ 18 tahun,≥ 18 tahun,Dilarang secara hukum,Dilarang secara hukum,Dilarang secara hukum,Dilarang secara hukum,Hanya dengan persetujuan pengadilan / kehamilan,Hanya dengan persetujuan pengadilan / kehamilan,Tanpa perbedaan,Tanpa perbedaan,False,False,0.0,False,15.514645683115518,49.809033203125,12.089746093750023,48.576220703124996,18.83222656250001,51.03779296875
Denmark,DK,DNK,Europe & Central Asia,4.0,5.0,5.0,5.0,5.0,5.0,5.0,5.0,5.0,5.0,5.0,5.0,5,5.0,5.0,5.0,5.0,5.0,5.0,5.0,5.0,5.0,5.0,,,,,,,,,,,,,,,,,,,,,,,,,,,,,,,,,,,,,,,,,,,,,,,,,,,,,,,,,,,High-income,Kesetaraan & usia ≥ 18 tahun,≥ 18 tahun,≥ 18 tahun,Dilarang secara hukum,Dilarang secara hukum,Dilarang secara hukum,Dilarang secara hukum,Dilarang secara hukum,Dilarang secara hukum,Tanpa perbedaan,Tanpa perbedaan,False,False,0.0,False,9.263784568944848,56.2638671875,8.121484375000023,54.628857421875,15.137109375000023,57.7369140625
Djibouti,DJ,DJI,Middle East & North Africa,2.0,1.0,5.0,1.0,1.0,1.0,5.0,1.0,1.0,1.0,1.0,1.0,1,1.0,1.0,1.0,1.0,1.0,2.0,2.0,2.0,1.0,1.0,,,,,,,,0.0,0.0,0.0,0.0,0.0,0.0,0.0,0.0,0.0,0.0,0.0,0.0,0.0,0.0,0.0,0.0,0.0,0.0,0.0,0.0,0.0,0.0,,,,,,,,0.0,0.0,0.0,0.0,0.0,0.0,0.0,0.0,0.0,0.0,0.0,0.0,0.0,0.0,0.0,0.0,0.0,0.0,0.0,0.0,0.0,0.0,Middle-income,Bisa menikah ≤ 13 tahun,≤ 13 tahun,≤ 13 tahun,Tanpa pembatasan,Boleh dengan izin orang tua / hukum adat,Tanpa pembatasan,Boleh dengan izin orang tua / hukum adat,Tanpa pembatasan,Boleh dengan izin orang tua / hukum adat,Tanpa usia min. khusus perempuan,Tanpa usia min. khusus perempuan,False,True,0.0,False,42.399782673946206,11.784228515624996,41.7646484375,10.941015624999991,43.409765625000006,12.708593749999991
Dominica,DM,DMA,Americas,2.0,5.0,5.0,3.0,3.0,5.0,5.0,3.0,3.0,3.0,3.0,3.0,2,5.0,5.0,5.0,5.0,2.0,5.0,5.0,2.0,5.0,5.0,,,,,,,,,,,,,,,,,,,,,,,,,,,,,,,,,,,,,,,,,,,,,,,,,,,,,,,,,,,Middle-income,1 masalah: kesenjangan ATAU usia 14-17,16-17 tahun,16-17 tahun,Dilarang secara hukum,Dilarang secara hukum,Dilarang secara hukum,Dilarang secara hukum,Boleh dengan izin orang tua / hukum adat,Boleh dengan izin orang tua / hukum adat,Tanpa perbedaan,Tanpa perbedaan,True,True,0.0,False,-61.35737025226052,15.462499999999999,-61.48115234375,15.227294921875,-61.25107421874999,15.633105468750003
Dominican Republic,DO,DOM,Americas,2.0,5.0,5.0,5.0,5.0,5.0,5.0,5.0,5.0,5.0,5.0,5.0,5,5.0,5.0,5.0,5.0,5.0,5.0,5.0,5.0,5.0,5.0,0.0,0.0,0.0,0.0,0.0,0.0,0.0,0.0,0.0,0.0,0.0,0.0,0.0,0.0,0.0,0.0,0.0,0.0,0.0,0.0,0.0,0.0,0.0,0.0,0.0,0.0,1.0,1.0,1.0,1.0,1.0,1.0,1.0,1.0,1.0,1.0,1.0,1.0,1.0,1.0,1.0,1.0,1.0,1.0,1.0,1.0,1.0,1.0,1.0,1.0,1.0,1.0,1.0,1.0,1.0,1.0,1.0,1.0,Middle-income,Kesetaraan & usia ≥ 18 tahun,≥ 18 tahun,≥ 18 tahun,Dilarang secara hukum,Dilarang secara hukum,Dilarang secara hukum,Dilarang secara hukum,Dilarang secara hukum,Dilarang secara hukum,Tanpa perbedaan,Tanpa perbedaan,False,False,0.0,False,-70.12398216909112,18.76806640625,-72.000390625,17.63559570312499,-68.33916015624999,19.913964843749994
Ecuador,EC,ECU,Americas,2.0,5.0,5.0,5.0,5.0,5.0,5.0,5.0,5.0,5.0,5.0,5.0,5,5.0,5.0,5.0,5.0,5.0,5.0,5.0,5.0,5.0,5.0,0.0,0.0,0.0,0.0,0.0,0.0,0.0,0.0,0.0,0.0,0.0,0.0,0.0,0.0,0.0,0.0,0.0,0.0,0.0,0.0,1.0,1.0,1.0,1.0,1.0,1.0,1.0,1.0,1.0,0.0,0.0,0.0,0.0,0.0,0.0,0.0,0.0,0.0,0.0,0.0,0.0,0.0,0.0,0.0,0.0,0.0,0.0,0.0,0.0,1.0,1.0,1.0,1.0,1.0,1.0,1.0,1.0,1.0,Middle-income,Kesetaraan & usia ≥ 18 tahun,≥ 18 tahun,≥ 18 tahun,Dilarang secara hukum,Dilarang secara hukum,Dilarang secara hukum,Dilarang secara hukum,Dilarang secara hukum,Dilarang secara hukum,Tanpa perbedaan,Tanpa perbedaan,False,False,0.0,False,-78.28298139366476,-1.7755371093750085,-91.65415039062499,-4.9906250000000085,-75.24960937499999,1.4553710937499886
Egypt,EG,EGY,Middle East & North Africa,2.0,5.0,5.0,5.0,5.0,5.0,5.0,5.0,5.0,5.0,5.0,5.0,5,5.0,5.0,5.0,5.0,5.0,5.0,5.0,5.0,5.0,5.0,0.0,0.0,0.0,0.0,0.0,0.0,0.0,0.0,0.0,0.0,0.0,0.0,0.0,1.0,1.0,1.0,1.0,1.0,1.0,1.0,1.0,1.0,1.0,1.0,1.0,1.0,1.0,1.0,1.0,1.0,1.0,1.0,1.0,1.0,1.0,1.0,1.0,1.0,1.0,1.0,1.0,1.0,1.0,1.0,1.0,1.0,1.0,1.0,1.0,1.0,1.0,1.0,1.0,1.0,1.0,1.0,1.0,1.0,Middle-income,Kesetaraan & usia ≥ 18 tahun,≥ 18 tahun,≥ 18 tahun,Dilarang secara hukum,Dilarang secara hukum,Dilarang secara hukum,Dilarang secara hukum,Dilarang secara hukum,Dilarang secara hukum,Tanpa perbedaan,Tanpa perbedaan,False,False,0.0,False,29.455258701539837,26.8239501953125,24.703222656250006,21.994873046875,36.87138671875002,31.654980468749997
El Salvador,SV,SLV,Americas,2.0,5.0,5.0,5.0,5.0,5.0,5.0,5.0,5.0,5.0,5.0,5.0,5,5.0,5.0,5.0,5.0,5.0,5.0,5.0,5.0,5.0,5.0,1.0,1.0,1.0,1.0,1.0,1.0,1.0,1.0,1.0,1.0,1.0,1.0,1.0,1.0,1.0,1.0,1.0,1.0,1.0,1.0,1.0,1.0,1.0,1.0,1.0,1.0,1.0,1.0,1.0,1.0,1.0,1.0,1.0,1.0,1.0,1.0,1.0,1.0,1.0,1.0,1.0,1.0,1.0,1.0,1.0,1.0,1.0,1.0,1.0,1.0,1.0,1.0,1.0,1.0,1.0,1.0,1.0,1.0,Middle-income,Kesetaraan & usia ≥ 18 tahun,≥ 18 tahun,≥ 18 tahun,Dilarang secara hukum,Dilarang secara hukum,Dilarang secara hukum,Dilarang secara hukum,Dilarang secara hukum,Dilarang secara hukum,Tanpa perbedaan,Tanpa perbedaan,False,False,0.0,False,-88.91242277961766,13.7978515625,-90.105908203125,13.164013671874997,-87.71533203125,14.431103515624997
Equatorial Guinea,GQ,GNQ,Sub-Saharan Africa,2.0,5.0,5.0,1.0,2.0,9.0,9.0,1.0,9.0,9.0,9.0,1.0,2,5.0,2.0,2.0,2.0,2.0,2.0,2.0,2.0,5.0,3.0,0.0,0.0,0.0,0.0,0.0,0.0,0.0,0.0,0.0,0.0,0.0,0.0,0.0,0.0,0.0,0.0,0.0,0.0,0.0,0.0,0.0,0.0,0.0,0.0,0.0,0.0,0.0,0.0,0.0,0.0,0.0,0.0,0.0,0.0,0.0,0.0,0.0,0.0,0.0,0.0,0.0,0.0,0.0,0.0,0.0,0.0,0.0,0.0,0.0,0.0,0.0,0.0,0.0,0.0,0.0,0.0,0.0,0.0,Middle-income,Bisa menikah ≤ 13 tahun,≤ 13 tahun,Tidak diketahui (adat/agama),Boleh dengan izin orang tua / hukum adat,Boleh dengan izin orang tua / hukum adat,Boleh dengan izin orang tua / hukum adat,Boleh dengan izin orang tua / hukum adat,Boleh dengan izin orang tua / hukum adat,Boleh dengan izin orang tua / hukum adat,Tanpa perbedaan,Perempuan 1-2 tahun lebih muda,True,False,,True,10.502327989465396,1.6788818359374957,8.434277343750011,0.9601074218749943,11.335351562500023,3.75830078125
Eritrea,ER,ERI,Sub-Saharan Africa,1.0,5.0,5.0,5.0,5.0,9.0,9.0,9.0,9.0,9.0,9.0,9.0,5,2.0,2.0,2.0,2.0,2.0,2.0,2.0,2.0,5.0,5.0,1.0,1.0,1.0,1.0,1.0,1.0,1.0,1.0,1.0,1.0,1.0,1.0,1.0,1.0,1.0,1.0,1.0,1.0,1.0,1.0,1.0,1.0,1.0,1.0,1.0,1.0,1.0,1.0,1.0,1.0,1.0,1.0,1.0,1.0,1.0,1.0,1.0,1.0,1.0,1.0,1.0,1.0,1.0,1.0,1.0,1.0,1.0,1.0,1.0,1.0,1.0,1.0,1.0,1.0,1.0,1.0,1.0,1.0,Low-income,Mungkin < 18 (diatur adat/agama),Tidak diketahui (adat/agama),Tidak diketahui (adat/agama),Boleh dengan izin orang tua / hukum adat,Boleh dengan izin orang tua / hukum adat,Boleh dengan izin orang tua / hukum adat,Boleh dengan izin orang tua / hukum adat,Boleh dengan izin orang tua / hukum adat,Boleh dengan izin orang tua / hukum adat,Tanpa perbedaan,Tanpa perbedaan,False,False,,False,38.10520666273757,15.176611328124991,36.4267578125,12.376562499999991,43.11669921875,18.005078124999997
Estonia,EE,EST,Europe & Central Asia,4.0,5.0,5.0,5.0,5.0,5.0,5.0,5.0,5.0,5.0,5.0,5.0,5,5.0,5.0,5.0,5.0,5.0,5.0,5.0,5.0,5.0,5.0,,,,,,,,,,,,,,,,,,,,,,,,,,,,,,,,,,,,,,,,,,,,,,,,,,,,,,,,,,,High-income,Kesetaraan & usia ≥ 18 tahun,≥ 18 tahun,≥ 18 tahun,Dilarang secara hukum,Dilarang secara hukum,Dilarang secara hukum,Dilarang secara hukum,Dilarang secara hukum,Dilarang secara hukum,Tanpa perbedaan,Tanpa perbedaan,False,False,0.0,False,25.50183289204686,58.6171875,21.8544921875,57.52548828125,28.15107421875001,59.639013671875
Ethiopia,ET,ETH,Sub-Saharan Africa,1.0,5.0,5.0,5.0,5.0,,,,,,,,5,5.0,,,,,,,,5.0,5.0,0.0,0.0,0.0,0.0,0.0,1.0,1.0,1.0,1.0,1.0,1.0,1.0,1.0,1.0,1.0,1.0,1.0,1.0,1.0,1.0,1.0,1.0,1.0,1.0,1.0,1.0,1.0,1.0,1.0,1.0,1.0,1.0,1.0,1.0,1.0,1.0,1.0,1.0,1.0,1.0,1.0,1.0,1.0,1.0,1.0,1.0,1.0,1.0,1.0,1.0,1.0,1.0,1.0,1.0,1.0,1.0,1.0,1.0,Low-income,,,,,,,,,,Tanpa perbedaan,Tanpa perbedaan,False,False,,True,38.937567760782755,9.184643554687497,32.99892578125002,3.4561035156249886,47.97822265625001,14.852294921875
Fiji,FJ,FJI,East Asia & Pacific,2.0,5.0,5.0,5.0,5.0,5.0,5.0,5.0,5.0,5.0,5.0,5.0,5,5.0,5.0,5.0,5.0,5.0,5.0,5.0,5.0,5.0,5.0,,,,,,,,,,,,,,,,,,,,,,,,,,,,,,,,,,,,,,,,,,,,,,,,,,,,,,,,,,,Middle-income,Kesetaraan & usia ≥ 18 tahun,≥ 18 tahun,≥ 18 tahun,Dilarang secara hukum,Dilarang secara hukum,Dilarang secara hukum,Dilarang secara hukum,Dilarang secara hukum,Dilarang secara hukum,Tanpa perbedaan,Tanpa perbedaan,False,False,0.0,False,177.9777135091852,-17.80302734375001,-180.0,-21.705859375000003,180.0,-12.476953125000009
Finland,FI,FIN,Europe & Central Asia,4.0,5.0,5.0,5.0,5.0,5.0,5.0,5.0,5.0,5.0,5.0,5.0,5,5.0,5.0,5.0,5.0,5.0,5.0,5.0,5.0,5.0,5.0,,,,,,,,,,,,,,,,,,,,,,,,,,,,,,,,,,,,,,,,,,,,,,,,,,,,,,,,,,,High-income,Kesetaraan & usia ≥ 18 tahun,≥ 18 tahun,≥ 18 tahun,Dilarang secara hukum,Dilarang secara hukum,Dilarang secara hukum,Dilarang secara hukum,Dilarang secara hukum,Dilarang secara hukum,Tanpa perbedaan,Tanpa perbedaan,False,False,0.0,False,27.439495239257816,64.9337158203125,20.622167968750006,59.816015625,31.536523437500023,70.06484375
France,FR,FRA,Europe & Central Asia,4.0,5.0,5.0,5.0,5.0,5.0,5.0,5.0,5.0,1.0,1.0,5.0,3,5.0,5.0,3.0,3.0,3.0,3.0,3.0,3.0,5.0,5.0,,,,,,,,,,,,,,,,,,,,,,,,,,,,,,,,,,,,,,,,,,,,,,,,,,,,,,,,,,,High-income,Kesetaraan & usia ≥ 18 tahun,≥ 18 tahun,≥ 18 tahun,Hanya dengan persetujuan pengadilan / kehamilan,Hanya dengan persetujuan pengadilan / kehamilan,Hanya dengan persetujuan pengadilan / kehamilan,Hanya dengan persetujuan pengadilan / kehamilan,Hanya dengan persetujuan pengadilan / kehamilan,Hanya dengan persetujuan pengadilan / kehamilan,Tanpa perbedaan,Tanpa perbedaan,False,False,0.0,False,2.1944666934405177,46.720117187499994,-61.794091796874994,-21.36904296875001,55.83906250000001,51.097119140625
Gabon,GA,GAB,Sub-Saharan Africa,2.0,5.0,5.0,5.0,5.0,5.0,5.0,5.0,5.0,1.0,1.0,5.0,3,5.0,5.0,3.0,3.0,3.0,3.0,3.0,3.0,5.0,5.0,0.0,0.0,0.0,0.0,0.0,0.0,0.0,0.0,0.0,0.0,0.0,0.0,0.0,0.0,0.0,0.0,0.0,0.0,0.0,0.0,0.0,0.0,0.0,0.0,0.0,0.0,1.0,1.0,1.0,1.0,1.0,1.0,1.0,1.0,1.0,1.0,1.0,1.0,1.0,1.0,1.0,1.0,1.0,1.0,1.0,1.0,1.0,1.0,1.0,1.0,1.0,1.0,1.0,1.0,1.0,1.0,1.0,1.0,Middle-income,Kesetaraan & usia ≥ 18 tahun,≥ 18 tahun,≥ 18 tahun,Hanya dengan persetujuan pengadilan / kehamilan,Hanya dengan persetujuan pengadilan / kehamilan,Hanya dengan persetujuan pengadilan / kehamilan,Hanya dengan persetujuan pengadilan / kehamilan,Hanya dengan persetujuan pengadilan / kehamilan,Hanya dengan persetujuan pengadilan / kehamilan,Tanpa perbedaan,Tanpa perbedaan,False,False,0.0,False,11.62635441026639,-0.856201171875,8.703125,-3.916308593750003,14.480566406250006,2.302197265624997
The Gambia,GM,GMB,Sub-Saharan Africa,1.0,5.0,5.0,5.0,5.0,5.0,5.0,5.0,5.0,5.0,5.0,5.0,5,5.0,5.0,5.0,5.0,5.0,5.0,5.0,5.0,5.0,5.0,0.0,0.0,0.0,0.0,0.0,0.0,0.0,0.0,0.0,0.0,1.0,1.0,1.0,1.0,1.0,1.0,1.0,1.0,1.0,1.0,1.0,1.0,1.0,1.0,1.0,1.0,1.0,1.0,1.0,0.0,0.0,0.0,0.0,0.0,0.0,0.0,0.0,0.0,0.0,1.0,1.0,1.0,1.0,1.0,1.0,1.0,1.0,1.0,1.0,1.0,1.0,1.0,1.0,1.0,1.0,1.0,1.0,1.0,Low-income,Kesetaraan & usia ≥ 18 tahun,≥ 18 tahun,≥ 18 tahun,Dilarang secara hukum,Dilarang secara hukum,Dilarang secara hukum,Dilarang secara hukum,Dilarang secara hukum,Dilarang secara hukum,Tanpa perbedaan,Tanpa perbedaan,False,False,0.0,False,-14.359946367764088,13.4417724609375,-16.824804687499977,13.064160156249997,-13.826708984374989,13.812109374999991
Georgia,GE,GEO,Europe & Central Asia,2.0,5.0,5.0,5.0,5.0,5.0,5.0,5.0,5.0,5.0,5.0,5.0,5,5.0,5.0,5.0,5.0,5.0,5.0,5.0,5.0,5.0,5.0,,,1.0,1.0,1.0,1.0,1.0,1.0,1.0,1.0,1.0,1.0,1.0,1.0,1.0,1.0,1.0,1.0,1.0,1.0,1.0,1.0,1.0,1.0,1.0,1.0,1.0,1.0,1.0,,,1.0,1.0,1.0,1.0,1.0,1.0,1.0,1.0,1.0,1.0,1.0,1.0,1.0,1.0,1.0,1.0,1.0,1.0,1.0,1.0,1.0,1.0,1.0,1.0,1.0,1.0,1.0,Middle-income,Kesetaraan & usia ≥ 18 tahun,≥ 18 tahun,≥ 18 tahun,Dilarang secara hukum,Dilarang secara hukum,Dilarang secara hukum,Dilarang secara hukum,Dilarang secara hukum,Dilarang secara hukum,Tanpa perbedaan,Tanpa perbedaan,False,False,0.0,False,43.63688195373298,42.296044921874994,39.97832031250002,41.070214843749994,46.67255859375001,43.569775390625
Germany,DE,DEU,Europe & Central Asia,4.0,5.0,5.0,5.0,5.0,5.0,5.0,5.0,5.0,5.0,5.0,5.0,5,5.0,5.0,5.0,5.0,5.0,5.0,5.0,5.0,5.0,5.0,,,,,,,,,,,,,,,,,,,,,,,,,,,,,,,,,,,,,,,,,,,,,,,,,,,,,,,,,,,High-income,Kesetaraan & usia ≥ 18 tahun,≥ 18 tahun,≥ 18 tahun,Dilarang secara hukum,Dilarang secara hukum,Dilarang secara hukum,Dilarang secara hukum,Dilarang secara hukum,Dilarang secara hukum,Tanpa perbedaan,Tanpa perbedaan,False,False,0.0,False,10.475182192556584,51.07590332031249,5.857519531250006,47.27880859375,15.0166015625,55.058740234375
Ghana,GH,GHA,Sub-Saharan Africa,2.0,5.0,5.0,5.0,5.0,5.0,5.0,5.0,5.0,5.0,5.0,5.0,5,5.0,5.0,5.0,5.0,5.0,5.0,5.0,5.0,5.0,5.0,0.0,0.0,0.0,0.0,1.0,1.0,1.0,1.0,1.0,1.0,1.0,1.0,1.0,1.0,1.0,1.0,1.0,1.0,1.0,1.0,1.0,1.0,1.0,1.0,1.0,1.0,1.0,1.0,1.0,0.0,0.0,0.0,0.0,1.0,1.0,1.0,1.0,1.0,1.0,1.0,1.0,1.0,1.0,1.0,1.0,1.0,1.0,1.0,1.0,1.0,1.0,1.0,1.0,1.0,1.0,1.0,1.0,1.0,Middle-income,Kesetaraan & usia ≥ 18 tahun,≥ 18 tahun,≥ 18 tahun,Dilarang secara hukum,Dilarang secara hukum,Dilarang secara hukum,Dilarang secara hukum,Dilarang secara hukum,Dilarang secara hukum,Tanpa perbedaan,Tanpa perbedaan,False,False,0.0,False,-1.068491371376021,7.977075195312494,-3.243896484375,4.762451171875,1.1872070312500114,11.166894531249994
Greece,GR,GRC,Europe & Central Asia,4.0,5.0,5.0,5.0,5.0,1.0,1.0,1.0,1.0,1.0,1.0,1.0,3,5.0,2.0,2.0,2.0,2.0,2.0,2.0,2.0,5.0,5.0,,,,,,,,,,,,,,,,,,,,,,,,,,,,,,,,,,,,,,,,,,,,,,,,,,,,,,,,,,,High-income,Bisa menikah ≤ 13 tahun,≤ 13 tahun,≤ 13 tahun,Boleh dengan izin orang tua / hukum adat,Boleh dengan izin orang tua / hukum adat,Boleh dengan izin orang tua / hukum adat,Boleh dengan izin orang tua / hukum adat,Boleh dengan izin orang tua / hukum adat,Boleh dengan izin orang tua / hukum adat,Tanpa perbedaan,Tanpa perbedaan,True,True,0.0,False,21.806924138213027,39.08447265625,19.646484375,34.934472656249994,28.231835937500023,41.743798828124994
Grenada,GD,GRD,Americas,2.0,5.0,5.0,3.0,3.0,5.0,5.0,3.0,3.0,3.0,3.0,3.0,2,5.0,5.0,5.0,5.0,2.0,5.0,5.0,2.0,5.0,5.0,,,,,,,,,,,,,,,,,,,,,,,,,,,,,,,,,,,,,,,,,,,,,,,,,,,,,,,,,,,Middle-income,1 masalah: kesenjangan ATAU usia 14-17,16-17 tahun,16-17 tahun,Dilarang secara hukum,Dilarang secara hukum,Dilarang secara hukum,Dilarang secara hukum,Boleh dengan izin orang tua / hukum adat,Boleh dengan izin orang tua / hukum adat,Tanpa perbedaan,Tanpa perbedaan,True,True,0.0,False,-61.674282249089885,12.14680175781249,-61.782177734375,12.008447265624994,-61.60703124999999,12.237011718749997
Guatemala,GT,GTM,Americas,2.0,5.0,5.0,5.0,5.0,5.0,5.0,5.0,5.0,5.0,5.0,5.0,5,5.0,5.0,5.0,5.0,5.0,5.0,5.0,5.0,5.0,5.0,0.0,0.0,0.0,0.0,0.0,0.0,0.0,0.0,0.0,0.0,0.0,0.0,0.0,0.0,0.0,0.0,0.0,0.0,0.0,0.0,0.0,0.0,1.0,1.0,1.0,1.0,1.0,1.0,1.0,0.0,0.0,0.0,0.0,0.0,0.0,0.0,0.0,0.0,0.0,0.0,0.0,0.0,0.0,0.0,0.0,0.0,0.0,0.0,0.0,0.0,0.0,1.0,1.0,1.0,1.0,1.0,1.0,1.0,Middle-income,Kesetaraan & usia ≥ 18 tahun,≥ 18 tahun,≥ 18 tahun,Dilarang secara hukum,Dilarang secara hukum,Dilarang secara hukum,Dilarang secara hukum,Dilarang secara hukum,Dilarang secara hukum,Tanpa perbedaan,Tanpa perbedaan,False,False,0.0,False,-90.28192328813358,15.785351562499997,-92.23515624999999,13.736523437499997,-88.22832031249999,17.81640625
Guinea,GN,GIN,Sub-Saharan Africa,2.0,5.0,5.0,5.0,5.0,5.0,5.0,5.0,5.0,1.0,1.0,5.0,3,5.0,5.0,3.0,3.0,3.0,3.0,3.0,3.0,5.0,5.0,0.0,0.0,0.0,0.0,0.0,0.0,0.0,0.0,0.0,0.0,0.0,0.0,0.0,1.0,1.0,1.0,1.0,1.0,1.0,1.0,1.0,1.0,1.0,1.0,1.0,1.0,1.0,1.0,1.0,1.0,1.0,1.0,1.0,1.0,1.0,1.0,1.0,1.0,1.0,1.0,1.0,1.0,1.0,1.0,1.0,1.0,1.0,1.0,1.0,1.0,1.0,1.0,1.0,1.0,1.0,1.0,1.0,1.0,Middle-income,Kesetaraan & usia ≥ 18 tahun,≥ 18 tahun,≥ 18 tahun,Hanya dengan persetujuan pengadilan / kehamilan,Hanya dengan persetujuan pengadilan / kehamilan,Hanya dengan persetujuan pengadilan / kehamilan,Hanya dengan persetujuan pengadilan / kehamilan,Hanya dengan persetujuan pengadilan / kehamilan,Hanya dengan persetujuan pengadilan / kehamilan,Tanpa perbedaan,Tanpa perbedaan,False,False,0.0,False,-9.672454331433293,9.949243164062494,-15.051220703124983,7.2159179687499915,-7.681201171874989,12.673925781249991
Guinea-Bissau,GW,GNB,Sub-Saharan Africa,1.0,5.0,5.0,3.0,3.0,5.0,5.0,3.0,3.0,3.0,3.0,3.0,2,5.0,5.0,5.0,5.0,2.0,5.0,5.0,2.0,5.0,5.0,0.0,0.0,0.0,0.0,0.0,0.0,0.0,0.0,0.0,0.0,0.0,0.0,0.0,0.0,0.0,0.0,0.0,0.0,0.0,0.0,0.0,0.0,0.0,0.0,0.0,0.0,0.0,0.0,0.0,0.0,0.0,0.0,0.0,0.0,0.0,0.0,0.0,0.0,0.0,0.0,0.0,0.0,0.0,0.0,0.0,0.0,0.0,0.0,0.0,0.0,0.0,0.0,0.0,0.0,0.0,0.0,0.0,0.0,Low-income,1 masalah: kesenjangan ATAU usia 14-17,16-17 tahun,16-17 tahun,Dilarang secara hukum,Dilarang secara hukum,Dilarang secara hukum,Dilarang secara hukum,Boleh dengan izin orang tua / hukum adat,Boleh dengan izin orang tua / hukum adat,Tanpa perbedaan,Tanpa perbedaan,True,True,0.0,False,-14.608895924133439,11.802490234375,-16.711816406249994,10.940136718749997,-13.673535156249983,12.679931640625
Guyana,GY,GUY,Americas,4.0,5.0,5.0,3.0,3.0,5.0,5.0,3.0,3.0,1.0,1.0,3.0,2,2.0,5.0,3.0,3.0,2.0,3.0,3.0,2.0,5.0,5.0,0.0,0.0,0.0,0.0,0.0,0.0,0.0,0.0,0.0,0.0,0.0,0.0,0.0,0.0,0.0,0.0,0.0,0.0,0.0,0.0,0.0,0.0,0.0,0.0,0.0,0.0,0.0,0.0,0.0,0.0,0.0,0.0,0.0,0.0,0.0,0.0,0.0,0.0,0.0,0.0,0.0,0.0,0.0,0.0,0.0,0.0,0.0,0.0,0.0,0.0,0.0,0.0,0.0,0.0,0.0,0.0,0.0,0.0,High-income,1 masalah: kesenjangan ATAU usia 14-17,16-17 tahun,16-17 tahun,Hanya dengan persetujuan pengadilan / kehamilan,Hanya dengan persetujuan pengadilan / kehamilan,Hanya dengan persetujuan pengadilan / kehamilan,Hanya dengan persetujuan pengadilan / kehamilan,Boleh dengan izin orang tua / hukum adat,Boleh dengan izin orang tua / hukum adat,Tanpa perbedaan,Tanpa perbedaan,True,True,0.0,False,-58.960665858982765,4.850512695312496,-61.3908203125,1.2012207031249886,-56.482812499999994,8.54931640625
Haiti,HT,HTI,Americas,2.0,5.0,5.0,2.0,5.0,5.0,5.0,2.0,5.0,1.0,1.0,2.0,2,5.0,5.0,3.0,2.0,2.0,3.0,3.0,3.0,5.0,2.0,0.0,0.0,0.0,0.0,0.0,0.0,0.0,0.0,0.0,0.0,0.0,0.0,0.0,0.0,0.0,0.0,0.0,0.0,0.0,0.0,0.0,0.0,0.0,0.0,0.0,0.0,0.0,0.0,0.0,1.0,1.0,1.0,1.0,1.0,1.0,1.0,1.0,1.0,1.0,1.0,1.0,1.0,1.0,1.0,1.0,1.0,1.0,1.0,1.0,1.0,1.0,1.0,1.0,1.0,1.0,1.0,1.0,1.0,Middle-income,2 masalah: kesenjangan DAN usia 14-17,14-15 tahun,≥ 18 tahun,Hanya dengan persetujuan pengadilan / kehamilan,Hanya dengan persetujuan pengadilan / kehamilan,Boleh dengan izin orang tua / hukum adat,Hanya dengan persetujuan pengadilan / kehamilan,Boleh dengan izin orang tua / hukum adat,Hanya dengan persetujuan pengadilan / kehamilan,Tanpa perbedaan,Perempuan 3 tahun lebih muda,True,False,3.0,True,-72.25003482060703,18.953515624999994,-74.47812499999999,18.03916015624999,-71.64531249999999,20.093652343749994
Honduras,HN,HND,Americas,2.0,5.0,5.0,5.0,5.0,5.0,5.0,5.0,5.0,5.0,5.0,5.0,5,5.0,5.0,5.0,5.0,5.0,5.0,5.0,5.0,5.0,5.0,0.0,0.0,0.0,0.0,0.0,0.0,0.0,0.0,0.0,0.0,0.0,0.0,0.0,0.0,0.0,0.0,0.0,0.0,1.0,1.0,1.0,1.0,1.0,1.0,1.0,1.0,1.0,1.0,1.0,1.0,1.0,1.0,1.0,1.0,1.0,1.0,1.0,1.0,1.0,1.0,1.0,1.0,1.0,1.0,1.0,1.0,1.0,1.0,1.0,1.0,1.0,1.0,1.0,1.0,1.0,1.0,1.0,1.0,Middle-income,Kesetaraan & usia ≥ 18 tahun,≥ 18 tahun,≥ 18 tahun,Dilarang secara hukum,Dilarang secara hukum,Dilarang secara hukum,Dilarang secara hukum,Dilarang secara hukum,Dilarang secara hukum,Tanpa perbedaan,Tanpa perbedaan,False,False,0.0,False,-87.2443025056451,14.492944335937501,-89.36259765624999,12.979248046875,-83.15751953124999,16.513964843750003
Hungary,HU,HUN,Europe & Central Asia,4.0,5.0,5.0,5.0,5.0,5.0,5.0,5.0,5.0,3.0,3.0,5.0,5,5.0,5.0,5.0,5.0,3.0,5.0,5.0,3.0,5.0,5.0,,,,,,,,,,,,,,,,,,,,,,,,,,,,,,,,,,,,,,,,,,,,,,,,,,,,,,,,,,,High-income,Kesetaraan & usia ≥ 18 tahun,≥ 18 tahun,≥ 18 tahun,Dilarang secara hukum,Dilarang secara hukum,Dilarang secara hukum,Dilarang secara hukum,Hanya dengan persetujuan pengadilan / kehamilan,Hanya dengan persetujuan pengadilan / kehamilan,Tanpa perbedaan,Tanpa perbedaan,False,False,0.0,False,19.118268407730476,47.18466796874999,16.093066406250017,45.75302734375,22.87666015625001,48.553466796875
Iceland,IS,ISL,Europe & Central Asia,4.0,5.0,5.0,5.0,5.0,5.0,5.0,5.0,5.0,1.0,1.0,5.0,3,5.0,5.0,3.0,3.0,3.0,3.0,3.0,3.0,5.0,5.0,,,,,,,,,,,,,,,,,,,,,,,,,,,,,,,,,,,,,,,,,,,,,,,,,,,,,,,,,,,High-income,Kesetaraan & usia ≥ 18 tahun,≥ 18 tahun,≥ 18 tahun,Hanya dengan persetujuan pengadilan / kehamilan,Hanya dengan persetujuan pengadilan / kehamilan,Hanya dengan persetujuan pengadilan / kehamilan,Hanya dengan persetujuan pengadilan / kehamilan,Hanya dengan persetujuan pengadilan / kehamilan,Hanya dengan persetujuan pengadilan / kehamilan,Tanpa perbedaan,Tanpa perbedaan,False,False,0.0,False,-18.442080246962032,64.97783203125,-24.475683593749977,63.406689453125,-13.556103515624983,66.52607421875
India,IN,IND,South Asia,2.0,5.0,5.0,5.0,5.0,5.0,5.0,5.0,5.0,5.0,5.0,3.0,5,5.0,5.0,5.0,5.0,5.0,5.0,5.0,5.0,2.0,2.0,1.0,1.0,1.0,1.0,1.0,1.0,1.0,1.0,1.0,1.0,1.0,1.0,1.0,1.0,1.0,1.0,1.0,1.0,1.0,1.0,1.0,1.0,1.0,1.0,1.0,1.0,1.0,1.0,1.0,1.0,1.0,1.0,1.0,1.0,1.0,1.0,1.0,1.0,1.0,1.0,1.0,1.0,1.0,1.0,1.0,1.0,1.0,1.0,1.0,1.0,1.0,1.0,1.0,1.0,1.0,1.0,1.0,1.0,Middle-income,1 masalah: kesenjangan ATAU usia 14-17,≥ 18 tahun,≥ 18 tahun,Dilarang secara hukum,Dilarang secara hukum,Dilarang secara hukum,Dilarang secara hukum,Dilarang secara hukum,Dilarang secara hukum,Perempuan 3 tahun lebih muda,Perempuan 3 tahun lebih muda,False,False,0.0,False,80.23129405113531,21.78393554687503,68.1650390625,6.748681640624994,97.34355468749999,35.495898437500045
Indonesia,ID,IDN,East Asia & Pacific,2.0,5.0,5.0,5.0,5.0,1.0,1.0,1.0,1.0,1.0,1.0,1.0,3,5.0,2.0,2.0,2.0,2.0,2.0,2.0,2.0,5.0,5.0,0.0,0.0,0.0,0.0,0.0,0.0,0.0,0.0,0.0,0.0,0.0,0.0,0.0,0.0,0.0,0.0,0.0,0.0,0.0,0.0,0.0,0.0,0.0,0.0,1.0,1.0,1.0,1.0,1.0,1.0,1.0,1.0,1.0,1.0,1.0,1.0,1.0,1.0,1.0,1.0,1.0,1.0,1.0,1.0,1.0,1.0,1.0,1.0,1.0,1.0,1.0,1.0,1.0,1.0,1.0,1.0,1.0,1.0,Middle-income,Bisa menikah ≤ 13 tahun,≤ 13 tahun,≤ 13 tahun,Boleh dengan izin orang tua / hukum adat,Boleh dengan izin orang tua / hukum adat,Boleh dengan izin orang tua / hukum adat,Boleh dengan izin orang tua / hukum adat,Boleh dengan izin orang tua / hukum adat,Boleh dengan izin orang tua / hukum adat,Tanpa perbedaan,Tanpa perbedaan,True,True,0.0,False,113.35194464550466,0.09565429687499005,95.20664062500003,-10.90966796875,140.97617187500003,5.907031249999989
Iran,IR,IRN,Middle East & North Africa,2.0,1.0,2.0,1.0,2.0,1.0,1.0,1.0,1.0,1.0,1.0,1.0,1,1.0,1.0,1.0,1.0,1.0,2.0,1.0,1.0,3.0,3.0,,,,,,,,,,,,,,,,,,,,,,,,,,,,,,,,,,,,,,,,,,,,,,,,,,,,,,,,,,,Middle-income,Bisa menikah ≤ 13 tahun,≤ 13 tahun,≤ 13 tahun,Tanpa pembatasan,Boleh dengan izin orang tua / hukum adat,Tanpa pembatasan,Tanpa pembatasan,Tanpa pembatasan,Tanpa pembatasan,Perempuan 1-2 tahun lebih muda,Perempuan 1-2 tahun lebih muda,False,True,0.0,False,54.05767666872498,32.439624023437496,44.02324218750002,25.102099609375003,63.30517578125,39.7685546875
Iraq,IQ,IRQ,Middle East & North Africa,2.0,5.0,5.0,5.0,5.0,,,,,,,,3,5.0,2.0,,,,,,,5.0,5.0,1.0,1.0,1.0,1.0,1.0,1.0,1.0,1.0,1.0,1.0,1.0,1.0,1.0,1.0,1.0,1.0,1.0,1.0,1.0,1.0,1.0,1.0,1.0,1.0,1.0,1.0,1.0,1.0,1.0,1.0,1.0,1.0,1.0,1.0,1.0,1.0,1.0,1.0,1.0,1.0,1.0,1.0,1.0,1.0,1.0,1.0,1.0,1.0,1.0,1.0,1.0,1.0,1.0,1.0,1.0,1.0,1.0,1.0,Middle-income,,,,,,,,,,Tanpa perbedaan,Tanpa perbedaan,False,False,,True,42.486003277398055,33.2020263671875,38.773535156250006,29.063671874999997,48.546484375000006,37.371874999999996
Ireland,IE,IRL,Europe & Central Asia,4.0,5.0,5.0,5.0,5.0,5.0,5.0,5.0,5.0,5.0,5.0,5.0,5,5.0,5.0,5.0,5.0,5.0,5.0,5.0,5.0,5.0,5.0,,,,,,,,,,,,,,,,,,,,,,,,,,,,,,,,,,,,,,,,,,,,,,,,,,,,,,,,,,,High-income,Kesetaraan & usia ≥ 18 tahun,≥ 18 tahun,≥ 18 tahun,Dilarang secara hukum,Dilarang secara hukum,Dilarang secara hukum,Dilarang secara hukum,Dilarang secara hukum,Dilarang secara hukum,Tanpa perbedaan,Tanpa perbedaan,False,False,0.0,False,-8.113534507268577,53.429223632812494,-10.390234374999977,51.47373046875,-6.027392578124989,55.3658203125
Israel,IL,ISR,Middle East & North Africa,4.0,5.0,5.0,5.0,5.0,3.0,3.0,3.0,3.0,3.0,3.0,3.0,5,5.0,2.0,5.0,5.0,2.0,5.0,5.0,2.0,5.0,5.0,,,,,,,,,,,,,,,,,,,,,,,,,,,,,,,,,,,,,,,,,,,,,,,,,,,,,,,,,,,High-income,1 masalah: kesenjangan ATAU usia 14-17,16-17 tahun,16-17 tahun,Dilarang secara hukum,Dilarang secara hukum,Dilarang secara hukum,Dilarang secara hukum,Boleh dengan izin orang tua / hukum adat,Boleh dengan izin orang tua / hukum adat,Tanpa perbedaan,Tanpa perbedaan,True,True,0.0,False,34.669960455849846,31.451049804687496,34.24531250000001,29.477343749999996,35.88797748709491,33.415673828124994
Italy,IT,ITA,Europe & Central Asia,4.0,5.0,5.0,5.0,5.0,5.0,5.0,5.0,5.0,3.0,3.0,5.0,5,5.0,5.0,5.0,5.0,3.0,5.0,5.0,3.0,5.0,5.0,,,,,,,,,,,,,,,,,,,,,,,,,,,,,,,,,,,,,,,,,,,,,,,,,,,,,,,,,,,High-income,Kesetaraan & usia ≥ 18 tahun,≥ 18 tahun,≥ 18 tahun,Dilarang secara hukum,Dilarang secara hukum,Dilarang secara hukum,Dilarang secara hukum,Hanya dengan persetujuan pengadilan / kehamilan,Hanya dengan persetujuan pengadilan / kehamilan,Tanpa perbedaan,Tanpa perbedaan,False,False,0.0,False,12.670043752961863,42.52080078125,6.627734375000017,36.687841796875,18.48583984375,47.08212890625
Jamaica,JM,JAM,Americas,2.0,5.0,5.0,3.0,3.0,5.0,5.0,3.0,3.0,3.0,3.0,3.0,2,5.0,5.0,5.0,5.0,2.0,5.0,5.0,2.0,5.0,5.0,0.0,0.0,0.0,0.0,0.0,0.0,0.0,0.0,0.0,0.0,0.0,0.0,0.0,0.0,0.0,0.0,0.0,0.0,0.0,0.0,0.0,0.0,0.0,0.0,0.0,0.0,0.0,0.0,0.0,0.0,0.0,0.0,0.0,0.0,0.0,0.0,0.0,0.0,0.0,0.0,0.0,0.0,0.0,0.0,0.0,0.0,0.0,0.0,0.0,0.0,0.0,0.0,0.0,0.0,0.0,0.0,0.0,0.0,Middle-income,1 masalah: kesenjangan ATAU usia 14-17,16-17 tahun,16-17 tahun,Dilarang secara hukum,Dilarang secara hukum,Dilarang secara hukum,Dilarang secara hukum,Boleh dengan izin orang tua / hukum adat,Boleh dengan izin orang tua / hukum adat,Tanpa perbedaan,Tanpa perbedaan,True,True,0.0,False,-77.15643205518711,18.09970703125,-78.339501953125,17.71494140624999,-76.21079101562499,18.522216796875
Japan,JP,JPN,East Asia & Pacific,4.0,5.0,5.0,5.0,5.0,5.0,5.0,5.0,5.0,5.0,5.0,5.0,5,5.0,5.0,5.0,5.0,5.0,5.0,5.0,5.0,5.0,5.0,,,,,,,,,,,,,,,,,,,,,,,,,,,,,,,,,,,,,,,,,,,,,,,,,,,,,,,,,,,High-income,Kesetaraan & usia ≥ 18 tahun,≥ 18 tahun,≥ 18 tahun,Dilarang secara hukum,Dilarang secara hukum,Dilarang secara hukum,Dilarang secara hukum,Dilarang secara hukum,Dilarang secara hukum,Tanpa perbedaan,Tanpa perbedaan,False,False,0.0,False,143.330634143648,43.487695312499994,123.67978515625003,24.266064453124997,145.8330078125,45.509521484375
Jordan,JO,JOR,Middle East & North Africa,2.0,5.0,5.0,5.0,5.0,3.0,3.0,3.0,3.0,3.0,3.0,3.0,3,5.0,2.0,5.0,5.0,2.0,5.0,5.0,2.0,5.0,5.0,0.0,0.0,0.0,0.0,0.0,0.0,1.0,1.0,1.0,1.0,1.0,1.0,1.0,1.0,1.0,1.0,1.0,1.0,1.0,1.0,1.0,1.0,1.0,1.0,1.0,1.0,1.0,1.0,1.0,0.0,0.0,0.0,0.0,0.0,0.0,1.0,1.0,1.0,1.0,1.0,1.0,1.0,1.0,1.0,1.0,1.0,1.0,1.0,1.0,1.0,1.0,1.0,1.0,1.0,1.0,1.0,1.0,1.0,Middle-income,1 masalah: kesenjangan ATAU usia 14-17,16-17 tahun,16-17 tahun,Dilarang secara hukum,Dilarang secara hukum,Dilarang secara hukum,Dilarang secara hukum,Boleh dengan izin orang tua / hukum adat,Boleh dengan izin orang tua / hukum adat,Tanpa perbedaan,Tanpa perbedaan,True,True,0.0,False,36.300387581109405,31.277685546874995,34.950781250000006,29.190478515624996,39.29277343750002,33.372216796874994
Kazakhstan,KZ,KAZ,Europe & Central Asia,2.0,5.0,5.0,5.0,5.0,5.0,5.0,5.0,5.0,3.0,3.0,5.0,3,2.0,5.0,5.0,5.0,3.0,5.0,5.0,3.0,5.0,5.0,0.0,0.0,0.0,1.0,1.0,1.0,1.0,1.0,1.0,1.0,1.0,1.0,1.0,1.0,1.0,1.0,1.0,1.0,1.0,1.0,1.0,1.0,1.0,1.0,1.0,1.0,1.0,1.0,1.0,1.0,1.0,1.0,1.0,1.0,1.0,1.0,1.0,1.0,1.0,1.0,1.0,1.0,1.0,1.0,1.0,1.0,1.0,1.0,1.0,1.0,1.0,1.0,1.0,1.0,1.0,1.0,1.0,1.0,Middle-income,Kesetaraan & usia ≥ 18 tahun,≥ 18 tahun,≥ 18 tahun,Dilarang secara hukum,Dilarang secara hukum,Dilarang secara hukum,Dilarang secara hukum,Hanya dengan persetujuan pengadilan / kehamilan,Hanya dengan persetujuan pengadilan / kehamilan,Tanpa perbedaan,Tanpa perbedaan,False,False,0.0,False,66.32328938802084,47.983911132812494,46.60917968750002,40.608642578125,87.32285156250003,55.389599609375
Kenya,KE,KEN,Sub-Saharan Africa,2.0,5.0,5.0,5.0,5.0,5.0,5.0,5.0,5.0,5.0,5.0,5.0,5,5.0,5.0,5.0,5.0,5.0,5.0,5.0,5.0,5.0,5.0,0.0,0.0,0.0,0.0,0.0,0.0,0.0,0.0,0.0,0.0,0.0,0.0,0.0,0.0,0.0,0.0,0.0,0.0,0.0,1.0,1.0,1.0,1.0,1.0,1.0,1.0,1.0,1.0,1.0,0.0,0.0,0.0,0.0,0.0,0.0,0.0,0.0,0.0,0.0,0.0,0.0,0.0,0.0,0.0,0.0,0.0,0.0,0.0,1.0,1.0,1.0,1.0,1.0,1.0,1.0,1.0,1.0,1.0,Middle-income,Kesetaraan & usia ≥ 18 tahun,≥ 18 tahun,≥ 18 tahun,Dilarang secara hukum,Dilarang secara hukum,Dilarang secara hukum,Dilarang secara hukum,Dilarang secara hukum,Dilarang secara hukum,Tanpa perbedaan,Tanpa perbedaan,False,False,0.0,False,37.53487283666992,0.44379882812499716,33.900000000000006,-4.6923828125,41.88398437500001,5.4922851562499915
Kiribati,KI,KIR,East Asia & Pacific,2.0,5.0,5.0,5.0,5.0,5.0,5.0,5.0,5.0,5.0,5.0,5.0,5,5.0,5.0,5.0,5.0,5.0,5.0,5.0,5.0,5.0,5.0,,,,,,,,,,,,,,,,,,,,,,,,,,,,,,,,,,,,,,,,,,,,,,,,,,,,,,,,,,,Middle-income,Kesetaraan & usia ≥ 18 tahun,≥ 18 tahun,≥ 18 tahun,Dilarang secara hukum,Dilarang secara hukum,Dilarang secara hukum,Dilarang secara hukum,Dilarang secara hukum,Dilarang secara hukum,Tanpa perbedaan,Tanpa perbedaan,False,False,0.0,False,173.1042726410989,1.3610595703124915,-174.5408203125,-11.456835937500003,174.77890625000003,3.923535156249997
Democratic People's Republic of Korea,KP,PRK,East Asia & Pacific,1.0,3.0,5.0,3.0,5.0,3.0,5.0,3.0,5.0,3.0,5.0,2.0,1,1.0,1.0,5.0,5.0,1.0,5.0,5.0,5.0,3.0,3.0,0.0,0.0,0.0,0.0,0.0,0.0,0.0,0.0,0.0,0.0,0.0,0.0,0.0,0.0,0.0,0.0,0.0,0.0,0.0,0.0,0.0,0.0,0.0,0.0,0.0,0.0,0.0,0.0,0.0,1.0,1.0,1.0,1.0,1.0,1.0,1.0,1.0,1.0,1.0,1.0,1.0,1.0,1.0,1.0,1.0,1.0,1.0,1.0,1.0,1.0,1.0,1.0,1.0,1.0,1.0,1.0,1.0,1.0,Low-income,2 masalah: kesenjangan DAN usia 14-17,16-17 tahun,≥ 18 tahun,Dilarang secara hukum,Dilarang secara hukum,Dilarang secara hukum,Dilarang secara hukum,Tanpa pembatasan,Dilarang secara hukum,Perempuan 1-2 tahun lebih muda,Perempuan 1-2 tahun lebih muda,False,False,2.0,True,126.81094219759171,40.371118164062494,124.3486328125,37.719042968749996,130.68730468750005,42.99814453125
Republic of Korea,KR,KOR,East Asia & Pacific,4.0,5.0,5.0,5.0,5.0,5.0,5.0,5.0,5.0,5.0,5.0,5.0,5,5.0,5.0,5.0,5.0,5.0,5.0,5.0,5.0,5.0,5.0,,,,,,,,,,,,,,,,,,,,,,,,,,,,,,,,,,,,,,,,,,,,,,,,,,,,,,,,,,,High-income,Kesetaraan & usia ≥ 18 tahun,≥ 18 tahun,≥ 18 tahun,Dilarang secara hukum,Dilarang secara hukum,Dilarang secara hukum,Dilarang secara hukum,Dilarang secara hukum,Dilarang secara hukum,Tanpa perbedaan,Tanpa perbedaan,False,False,0.0,False,127.99554207074723,36.4501953125,126.00751953125001,33.201513671875,130.93427734375,38.623437499999994
Kuwait,KW,KWT,Middle East & North Africa,4.0,2.0,3.0,2.0,3.0,2.0,3.0,2.0,3.0,2.0,3.0,2.0,1,1.0,1.0,5.0,1.0,1.0,5.0,5.0,1.0,3.0,3.0,,,,,,,,,,,,,,,,,,,,,,,,,,,,,,,,,,,,,,,,,,,,,,,,,,,,,,,,,,,High-income,2 masalah: kesenjangan DAN usia 14-17,14-15 tahun,16-17 tahun,Dilarang secara hukum,Dilarang secara hukum,Tanpa pembatasan,Dilarang secara hukum,Tanpa pembatasan,Tanpa pembatasan,Perempuan 1-2 tahun lebih muda,Perempuan 1-2 tahun lebih muda,False,False,1.0,True,47.40448793525239,29.311474609374997,46.53144531250001,28.533154296874997,48.442480468750006,30.097314453124994
Kyrgyzstan,KG,KGZ,Europe & Central Asia,2.0,5.0,5.0,5.0,5.0,5.0,5.0,5.0,5.0,3.0,3.0,5.0,5,5.0,5.0,5.0,5.0,3.0,5.0,5.0,3.0,5.0,5.0,1.0,1.0,1.0,1.0,1.0,1.0,1.0,1.0,1.0,1.0,1.0,1.0,1.0,1.0,1.0,1.0,1.0,1.0,1.0,1.0,1.0,1.0,1.0,1.0,1.0,1.0,1.0,1.0,1.0,1.0,1.0,1.0,1.0,1.0,1.0,1.0,1.0,1.0,1.0,1.0,1.0,1.0,1.0,1.0,1.0,1.0,1.0,1.0,1.0,1.0,1.0,1.0,1.0,1.0,1.0,1.0,1.0,1.0,Middle-income,Kesetaraan & usia ≥ 18 tahun,≥ 18 tahun,≥ 18 tahun,Dilarang secara hukum,Dilarang secara hukum,Dilarang secara hukum,Dilarang secara hukum,Hanya dengan persetujuan pengadilan / kehamilan,Hanya dengan persetujuan pengadilan / kehamilan,Tanpa perbedaan,Tanpa perbedaan,False,False,0.0,False,75.07264769959161,41.21044921875,69.2291015625,39.20751953125,80.24619140625003,43.240380859374994
Laos,LA,LAO,East Asia & Pacific,2.0,5.0,5.0,5.0,5.0,5.0,5.0,5.0,5.0,2.0,2.0,5.0,5,5.0,5.0,5.0,3.0,3.0,5.0,3.0,3.0,5.0,5.0,1.0,1.0,1.0,1.0,1.0,1.0,1.0,1.0,1.0,1.0,1.0,1.0,1.0,1.0,1.0,1.0,1.0,1.0,1.0,1.0,1.0,1.0,1.0,1.0,1.0,1.0,1.0,1.0,1.0,1.0,1.0,1.0,1.0,1.0,1.0,1.0,1.0,1.0,1.0,1.0,1.0,1.0,1.0,1.0,1.0,1.0,1.0,1.0,1.0,1.0,1.0,1.0,1.0,1.0,1.0,1.0,1.0,1.0,Middle-income,Kesetaraan & usia ≥ 18 tahun,≥ 18 tahun,≥ 18 tahun,Dilarang secara hukum,Dilarang secara hukum,Hanya dengan persetujuan pengadilan / kehamilan,Hanya dengan persetujuan pengadilan / kehamilan,Hanya dengan persetujuan pengadilan / kehamilan,Hanya dengan persetujuan pengadilan / kehamilan,Tanpa perbedaan,Tanpa perbedaan,False,False,0.0,False,104.68256097719264,18.2072509765625,100.11494140625001,13.921191406250003,107.65312499999999,22.495263671874994
Latvia,LV,LVA,Europe & Central Asia,4.0,5.0,5.0,3.0,3.0,5.0,5.0,3.0,3.0,3.0,3.0,3.0,2,5.0,5.0,5.0,5.0,2.0,5.0,5.0,2.0,5.0,5.0,,,,,,,,,,,,,,,,,,,,,,,,,,,,,,,,,,,,,,,,,,,,,,,,,,,,,,,,,,,High-income,1 masalah: kesenjangan ATAU usia 14-17,16-17 tahun,16-17 tahun,Dilarang secara hukum,Dilarang secara hukum,Dilarang secara hukum,Dilarang secara hukum,Boleh dengan izin orang tua / hukum adat,Boleh dengan izin orang tua / hukum adat,Tanpa perbedaan,Tanpa perbedaan,True,True,0.0,False,24.390497416771744,56.86025390625,21.014941406250017,55.667529296874996,28.202050781250023,58.063427734375
Lebanon,LB,LBN,Middle East & North Africa,2.0,1.0,1.0,1.0,1.0,9.0,9.0,1.0,1.0,9.0,9.0,1.0,1,1.0,1.0,1.0,1.0,1.0,1.0,1.0,1.0,1.0,1.0,0.0,0.0,0.0,0.0,0.0,0.0,0.0,0.0,0.0,0.0,0.0,0.0,0.0,0.0,0.0,0.0,0.0,0.0,0.0,0.0,0.0,0.0,0.0,0.0,0.0,0.0,0.0,0.0,0.0,0.0,0.0,0.0,0.0,0.0,0.0,0.0,0.0,0.0,0.0,0.0,0.0,0.0,0.0,0.0,0.0,0.0,0.0,0.0,0.0,0.0,0.0,0.0,0.0,0.0,0.0,0.0,0.0,0.0,Middle-income,Bisa menikah ≤ 13 tahun,≤ 13 tahun,≤ 13 tahun,Tanpa pembatasan,Tanpa pembatasan,Tanpa pembatasan,Tanpa pembatasan,Tanpa pembatasan,Tanpa pembatasan,Tanpa usia min. khusus perempuan,Tanpa usia min. khusus perempuan,False,False,0.0,False,35.921264193802415,33.867431640625,35.10859375000001,33.07568359375,36.5849609375,34.6787109375
Lesotho,LS,LSO,Sub-Saharan Africa,2.0,5.0,5.0,3.0,5.0,9.0,9.0,9.0,9.0,9.0,9.0,9.0,2,5.0,2.0,2.0,2.0,2.0,2.0,2.0,2.0,5.0,3.0,0.0,0.0,0.0,0.0,0.0,0.0,0.0,0.0,0.0,0.0,0.0,0.0,0.0,0.0,0.0,0.0,0.0,0.0,0.0,0.0,0.0,0.0,0.0,0.0,0.0,0.0,0.0,0.0,0.0,1.0,1.0,1.0,1.0,1.0,1.0,1.0,1.0,1.0,1.0,1.0,1.0,1.0,1.0,1.0,1.0,1.0,1.0,1.0,1.0,1.0,1.0,1.0,1.0,1.0,1.0,1.0,1.0,1.0,Middle-income,Mungkin < 18 (diatur adat/agama),Tidak diketahui (adat/agama),Tidak diketahui (adat/agama),Boleh dengan izin orang tua / hukum adat,Boleh dengan izin orang tua / hukum adat,Boleh dengan izin orang tua / hukum adat,Boleh dengan izin orang tua / hukum adat,Boleh dengan izin orang tua / hukum adat,Boleh dengan izin orang tua / hukum adat,Tanpa perbedaan,Perempuan 1-2 tahun lebih muda,False,False,,False,28.169268234316483,-29.60908203125001,27.0517578125,-30.64228515625001,29.390722656250006,-28.58173828125001
Liberia,LR,LBR,Sub-Saharan Africa,1.0,5.0,5.0,5.0,5.0,5.0,5.0,5.0,5.0,5.0,5.0,5.0,5,5.0,5.0,5.0,5.0,5.0,5.0,5.0,5.0,5.0,5.0,0.0,0.0,0.0,0.0,0.0,0.0,0.0,0.0,0.0,0.0,0.0,0.0,0.0,0.0,0.0,0.0,0.0,1.0,1.0,1.0,1.0,1.0,1.0,1.0,1.0,1.0,1.0,1.0,1.0,0.0,0.0,0.0,0.0,0.0,0.0,0.0,0.0,0.0,0.0,0.0,0.0,0.0,0.0,0.0,0.0,0.0,1.0,1.0,1.0,1.0,1.0,1.0,1.0,1.0,1.0,1.0,1.0,1.0,Low-income,Kesetaraan & usia ≥ 18 tahun,≥ 18 tahun,≥ 18 tahun,Dilarang secara hukum,Dilarang secara hukum,Dilarang secara hukum,Dilarang secara hukum,Dilarang secara hukum,Dilarang secara hukum,Tanpa perbedaan,Tanpa perbedaan,False,False,0.0,False,-9.629049402165098,6.4347900390624915,-11.507519531249983,4.351318359375,-7.39990234375,8.537695312499991
Libya,LY,LBY,Middle East & North Africa,2.0,5.0,5.0,5.0,5.0,5.0,5.0,5.0,5.0,1.0,1.0,5.0,3,5.0,5.0,3.0,3.0,3.0,3.0,3.0,3.0,5.0,5.0,1.0,1.0,1.0,1.0,1.0,1.0,1.0,1.0,1.0,1.0,1.0,1.0,1.0,1.0,1.0,1.0,1.0,1.0,1.0,1.0,1.0,1.0,1.0,1.0,1.0,1.0,1.0,1.0,1.0,0.0,0.0,0.0,0.0,0.0,0.0,0.0,0.0,0.0,0.0,0.0,0.0,0.0,0.0,0.0,0.0,0.0,0.0,0.0,0.0,1.0,1.0,1.0,1.0,1.0,1.0,1.0,1.0,1.0,Middle-income,Kesetaraan & usia ≥ 18 tahun,≥ 18 tahun,≥ 18 tahun,Hanya dengan persetujuan pengadilan / kehamilan,Hanya dengan persetujuan pengadilan / kehamilan,Hanya dengan persetujuan pengadilan / kehamilan,Hanya dengan persetujuan pengadilan / kehamilan,Hanya dengan persetujuan pengadilan / kehamilan,Hanya dengan persetujuan pengadilan / kehamilan,Tanpa perbedaan,Tanpa perbedaan,False,False,0.0,False,17.284228515625017,26.385986328125,9.310253906250011,19.496630859375003,25.150488281250006,33.181933593749996
Liechtenstein,LI,LIE,Europe & Central Asia,4.0,5.0,5.0,5.0,5.0,5.0,5.0,5.0,5.0,1.0,1.0,5.0,3,5.0,5.0,3.0,3.0,3.0,3.0,3.0,3.0,5.0,5.0,,,,,,,,,,,,,,,,,,,,,,,,,,,,,,,,,,,,,,,,,,,,,,,,,,,,,,,,,,,High-income,Kesetaraan & usia ≥ 18 tahun,≥ 18 tahun,≥ 18 tahun,Hanya dengan persetujuan pengadilan / kehamilan,Hanya dengan persetujuan pengadilan / kehamilan,Hanya dengan persetujuan pengadilan / kehamilan,Hanya dengan persetujuan pengadilan / kehamilan,Hanya dengan persetujuan pengadilan / kehamilan,Hanya dengan persetujuan pengadilan / kehamilan,Tanpa perbedaan,Tanpa perbedaan,False,False,0.0,False,9.525688231814017,47.165283203125,9.4794921875,47.057373046875,9.610546875000011,47.270751953125
Lithuania,LT,LTU,Europe & Central Asia,4.0,5.0,5.0,5.0,5.0,5.0,5.0,5.0,5.0,1.0,1.0,5.0,5,2.0,5.0,3.0,3.0,3.0,3.0,3.0,3.0,5.0,5.0,,,,,,,,,,,,,,,,,,,,,,,,,,,,,,,,,,,,,,,,,,,,,,,,,,,,,,,,,,,High-income,Kesetaraan & usia ≥ 18 tahun,≥ 18 tahun,≥ 18 tahun,Hanya dengan persetujuan pengadilan / kehamilan,Hanya dengan persetujuan pengadilan / kehamilan,Hanya dengan persetujuan pengadilan / kehamilan,Hanya dengan persetujuan pengadilan / kehamilan,Hanya dengan persetujuan pengadilan / kehamilan,Hanya dengan persetujuan pengadilan / kehamilan,Tanpa perbedaan,Tanpa perbedaan,False,False,0.0,False,24.164903622457494,55.1499755859375,20.899804687500023,53.89296875,26.775683593750017,56.411181640624996
Luxembourg,LU,LUX,Europe & Central Asia,4.0,5.0,5.0,5.0,5.0,5.0,5.0,5.0,5.0,1.0,1.0,5.0,3,5.0,5.0,3.0,3.0,3.0,3.0,3.0,3.0,5.0,5.0,,,,,,,,,,,,,,,,,,,,,,,,,,,,,,,,,,,,,,,,,,,,,,,,,,,,,,,,,,,High-income,Kesetaraan & usia ≥ 18 tahun,≥ 18 tahun,≥ 18 tahun,Hanya dengan persetujuan pengadilan / kehamilan,Hanya dengan persetujuan pengadilan / kehamilan,Hanya dengan persetujuan pengadilan / kehamilan,Hanya dengan persetujuan pengadilan / kehamilan,Hanya dengan persetujuan pengadilan / kehamilan,Hanya dengan persetujuan pengadilan / kehamilan,Tanpa perbedaan,Tanpa perbedaan,False,False,0.0,False,6.081248936023387,49.806811523437496,5.725000000000023,49.445458984374994,6.493750000000006,50.1671875
North Macedonia,MK,MKD,Europe & Central Asia,2.0,5.0,5.0,5.0,5.0,5.0,5.0,5.0,5.0,3.0,3.0,5.0,5,5.0,5.0,5.0,5.0,3.0,5.0,5.0,3.0,5.0,5.0,1.0,1.0,1.0,1.0,1.0,1.0,1.0,1.0,1.0,1.0,1.0,1.0,1.0,1.0,1.0,1.0,1.0,1.0,1.0,1.0,1.0,1.0,1.0,1.0,1.0,1.0,1.0,1.0,1.0,1.0,1.0,1.0,1.0,1.0,1.0,1.0,1.0,1.0,1.0,1.0,1.0,1.0,1.0,1.0,1.0,1.0,1.0,1.0,1.0,1.0,1.0,1.0,1.0,1.0,1.0,1.0,1.0,1.0,Middle-income,Kesetaraan & usia ≥ 18 tahun,≥ 18 tahun,≥ 18 tahun,Dilarang secara hukum,Dilarang secara hukum,Dilarang secara hukum,Dilarang secara hukum,Hanya dengan persetujuan pengadilan / kehamilan,Hanya dengan persetujuan pengadilan / kehamilan,Tanpa perbedaan,Tanpa perbedaan,False,False,0.0,False,21.733222167487867,41.59018554687499,20.448632812500023,40.849902343749996,23.005664062500017,42.358154296875
Madagascar,MG,MDG,Sub-Saharan Africa,1.0,5.0,5.0,5.0,5.0,5.0,5.0,5.0,5.0,1.0,1.0,5.0,3,5.0,5.0,3.0,3.0,3.0,3.0,3.0,3.0,5.0,5.0,0.0,0.0,0.0,0.0,0.0,0.0,0.0,0.0,0.0,0.0,0.0,0.0,1.0,1.0,1.0,1.0,1.0,1.0,1.0,1.0,1.0,1.0,1.0,1.0,1.0,1.0,1.0,1.0,1.0,0.0,0.0,0.0,0.0,0.0,0.0,0.0,0.0,0.0,0.0,0.0,0.0,1.0,1.0,1.0,1.0,1.0,1.0,1.0,1.0,1.0,1.0,1.0,1.0,1.0,1.0,1.0,1.0,1.0,Low-income,Kesetaraan & usia ≥ 18 tahun,≥ 18 tahun,≥ 18 tahun,Hanya dengan persetujuan pengadilan / kehamilan,Hanya dengan persetujuan pengadilan / kehamilan,Hanya dengan persetujuan pengadilan / kehamilan,Hanya dengan persetujuan pengadilan / kehamilan,Hanya dengan persetujuan pengadilan / kehamilan,Hanya dengan persetujuan pengadilan / kehamilan,Tanpa perbedaan,Tanpa perbedaan,False,False,0.0,False,46.71493266614378,-18.827734375000006,43.25712890625002,-25.57050781250001,50.48271484375002,-12.07958984375
Malawi,MW,MWI,Sub-Saharan Africa,1.0,5.0,5.0,5.0,5.0,5.0,5.0,5.0,5.0,5.0,5.0,5.0,5,5.0,5.0,5.0,5.0,5.0,5.0,5.0,5.0,5.0,5.0,0.0,0.0,0.0,0.0,0.0,0.0,0.0,0.0,0.0,0.0,0.0,0.0,0.0,0.0,0.0,0.0,0.0,0.0,0.0,0.0,0.0,0.0,1.0,1.0,1.0,1.0,1.0,1.0,1.0,0.0,0.0,0.0,0.0,0.0,0.0,0.0,0.0,0.0,0.0,0.0,0.0,0.0,0.0,0.0,0.0,0.0,0.0,0.0,0.0,0.0,0.0,1.0,1.0,1.0,1.0,1.0,1.0,1.0,Low-income,Kesetaraan & usia ≥ 18 tahun,≥ 18 tahun,≥ 18 tahun,Dilarang secara hukum,Dilarang secara hukum,Dilarang secara hukum,Dilarang secara hukum,Dilarang secara hukum,Dilarang secara hukum,Tanpa perbedaan,Tanpa perbedaan,False,False,0.0,False,33.73810039035982,-13.307226562500006,32.67041015625,-17.13105468750001,35.89277343750001,-9.39501953125
Malaysia,MY,MYS,East Asia & Pacific,2.0,5.0,5.0,5.0,5.0,1.0,1.0,1.0,1.0,1.0,1.0,1.0,3,5.0,2.0,2.0,2.0,2.0,2.0,2.0,2.0,5.0,5.0,,,,,,,,,,,,,,,,,,,,,,,,,,,,,,,,,,,,,,,,,,,,,,,,,,,,,,,,,,,Middle-income,Bisa menikah ≤ 13 tahun,≤ 13 tahun,≤ 13 tahun,Boleh dengan izin orang tua / hukum adat,Boleh dengan izin orang tua / hukum adat,Boleh dengan izin orang tua / hukum adat,Boleh dengan izin orang tua / hukum adat,Boleh dengan izin orang tua / hukum adat,Boleh dengan izin orang tua / hukum adat,Tanpa perbedaan,Tanpa perbedaan,True,True,0.0,False,102.10045910346801,4.012597656249994,99.64628906249999,0.8619628906249943,119.26630859375001,7.3516601562499915
Maldives,MV,MDV,South Asia,2.0,5.0,5.0,5.0,5.0,5.0,5.0,5.0,5.0,5.0,5.0,5.0,5,5.0,5.0,5.0,5.0,5.0,5.0,5.0,5.0,5.0,5.0,0.0,0.0,0.0,0.0,0.0,0.0,1.0,1.0,1.0,1.0,1.0,1.0,1.0,1.0,1.0,1.0,1.0,1.0,1.0,1.0,1.0,1.0,1.0,1.0,1.0,1.0,1.0,1.0,1.0,0.0,0.0,0.0,0.0,0.0,0.0,1.0,1.0,1.0,1.0,1.0,1.0,1.0,1.0,1.0,1.0,1.0,1.0,1.0,1.0,1.0,1.0,1.0,1.0,1.0,1.0,1.0,1.0,1.0,Middle-income,Kesetaraan & usia ≥ 18 tahun,≥ 18 tahun,≥ 18 tahun,Dilarang secara hukum,Dilarang secara hukum,Dilarang secara hukum,Dilarang secara hukum,Dilarang secara hukum,Dilarang secara hukum,Tanpa perbedaan,Tanpa perbedaan,False,False,0.0,False,73.41105260730004,3.2607666015624943,73.38203125000001,3.2293945312499943,73.5283203125,4.2476562499999915
Mali,ML,MLI,Sub-Saharan Africa,1.0,3.0,5.0,3.0,5.0,3.0,5.0,3.0,5.0,2.0,2.0,2.0,1,1.0,1.0,5.0,3.0,1.0,5.0,3.0,3.0,3.0,3.0,0.0,0.0,0.0,0.0,0.0,0.0,0.0,0.0,0.0,0.0,0.0,0.0,0.0,0.0,0.0,0.0,0.0,0.0,0.0,0.0,0.0,0.0,0.0,0.0,0.0,0.0,0.0,0.0,0.0,1.0,1.0,1.0,1.0,1.0,1.0,1.0,1.0,1.0,1.0,1.0,1.0,1.0,1.0,1.0,1.0,1.0,1.0,1.0,1.0,1.0,1.0,1.0,1.0,1.0,1.0,1.0,1.0,1.0,Low-income,2 masalah: kesenjangan DAN usia 14-17,16-17 tahun,≥ 18 tahun,Dilarang secara hukum,Dilarang secara hukum,Hanya dengan persetujuan pengadilan / kehamilan,Hanya dengan persetujuan pengadilan / kehamilan,Tanpa pembatasan,Hanya dengan persetujuan pengadilan / kehamilan,Perempuan 1-2 tahun lebih muda,Perempuan 1-2 tahun lebih muda,False,False,2.0,True,-0.7552316256587424,17.568872070312494,-12.280615234374977,10.143261718749997,4.234667968750017,24.99560546875
Malta,MT,MLT,Europe & Central Asia,4.0,5.0,5.0,3.0,3.0,5.0,5.0,3.0,3.0,3.0,3.0,3.0,2,5.0,5.0,5.0,5.0,2.0,5.0,5.0,2.0,5.0,5.0,,,,,,,,,,,,,,,,,,,,,,,,,,,,,,,,,,,,,,,,,,,,,,,,,,,,,,,,,,,High-income,1 masalah: kesenjangan ATAU usia 14-17,16-17 tahun,16-17 tahun,Dilarang secara hukum,Dilarang secara hukum,Dilarang secara hukum,Dilarang secara hukum,Boleh dengan izin orang tua / hukum adat,Boleh dengan izin orang tua / hukum adat,Tanpa perbedaan,Tanpa perbedaan,True,True,0.0,False,14.422258875758267,35.92185058593749,14.180371093750011,35.820214843749994,14.566210937500017,36.07578125
Marshall Islands,MH,MHL,East Asia & Pacific,2.0,5.0,5.0,5.0,5.0,9.0,9.0,9.0,9.0,9.0,9.0,9.0,5,5.0,2.0,2.0,2.0,2.0,2.0,2.0,2.0,5.0,5.0,,,,,,,,,,,,,,,,,,,,,,,,,,,,,,,,,,,,,,,,,,,,,,,,,,,,,,,,,,,Middle-income,Mungkin < 18 (diatur adat/agama),Tidak diketahui (adat/agama),Tidak diketahui (adat/agama),Boleh dengan izin orang tua / hukum adat,Boleh dengan izin orang tua / hukum adat,Boleh dengan izin orang tua / hukum adat,Boleh dengan izin orang tua / hukum adat,Boleh dengan izin orang tua / hukum adat,Boleh dengan izin orang tua / hukum adat,Tanpa perbedaan,Tanpa perbedaan,False,False,,False,171.65361014395336,7.0131591796874915,166.8447265625,5.7998046875,171.7568359375,11.168652343749997
Mauritania,MR,MRT,Sub-Saharan Africa,2.0,1.0,5.0,1.0,1.0,1.0,5.0,1.0,1.0,1.0,1.0,1.0,1,1.0,1.0,1.0,1.0,1.0,2.0,2.0,2.0,1.0,1.0,0.0,0.0,0.0,0.0,0.0,0.0,0.0,0.0,0.0,0.0,0.0,0.0,0.0,0.0,0.0,0.0,0.0,0.0,0.0,0.0,0.0,0.0,0.0,0.0,0.0,0.0,0.0,0.0,0.0,0.0,0.0,0.0,0.0,0.0,0.0,0.0,0.0,0.0,0.0,0.0,0.0,0.0,0.0,0.0,0.0,0.0,0.0,0.0,0.0,0.0,0.0,0.0,0.0,0.0,0.0,0.0,0.0,0.0,Middle-income,Bisa menikah ≤ 13 tahun,≤ 13 tahun,≤ 13 tahun,Tanpa pembatasan,Boleh dengan izin orang tua / hukum adat,Tanpa pembatasan,Boleh dengan izin orang tua / hukum adat,Tanpa pembatasan,Boleh dengan izin orang tua / hukum adat,Tanpa usia min. khusus perempuan,Tanpa usia min. khusus perempuan,False,True,0.0,False,-11.490574229295728,21.0224365234375,-17.06396484375,14.745361328125,-4.822607421874977,27.285937499999996
Mauritius,MU,MUS,Sub-Saharan Africa,2.0,5.0,5.0,5.0,5.0,5.0,5.0,5.0,5.0,5.0,5.0,5.0,5,5.0,5.0,5.0,5.0,5.0,5.0,5.0,5.0,5.0,5.0,,,,,,,,,,,,,,,,,,,,,,,,,,,,,,,,,,,,,,,,,,,,,,,,,,,,,,,,,,,Middle-income,Kesetaraan & usia ≥ 18 tahun,≥ 18 tahun,≥ 18 tahun,Dilarang secara hukum,Dilarang secara hukum,Dilarang secara hukum,Dilarang secara hukum,Dilarang secara hukum,Dilarang secara hukum,Tanpa perbedaan,Tanpa perbedaan,False,False,0.0,False,57.58030737932323,-20.277783203125004,57.31767578125002,-20.51318359375,57.7919921875,-19.98994140625001
Mexico,MX,MEX,Americas,2.0,5.0,5.0,5.0,5.0,5.0,5.0,5.0,5.0,5.0,5.0,5.0,5,5.0,5.0,5.0,5.0,5.0,5.0,5.0,5.0,5.0,5.0,0.0,0.0,0.0,0.0,0.0,0.0,0.0,0.0,0.0,0.0,0.0,0.0,0.0,0.0,0.0,0.0,0.0,0.0,0.0,0.0,0.0,0.0,0.0,0.0,1.0,1.0,1.0,1.0,1.0,0.0,0.0,0.0,0.0,0.0,0.0,0.0,0.0,0.0,0.0,0.0,0.0,0.0,0.0,0.0,0.0,0.0,0.0,0.0,0.0,0.0,0.0,0.0,0.0,1.0,1.0,1.0,1.0,1.0,Middle-income,Kesetaraan & usia ≥ 18 tahun,≥ 18 tahun,≥ 18 tahun,Dilarang secara hukum,Dilarang secara hukum,Dilarang secara hukum,Dilarang secara hukum,Dilarang secara hukum,Dilarang secara hukum,Tanpa perbedaan,Tanpa perbedaan,False,False,0.0,False,-102.24213445994384,23.636132812499994,-118.4013671875,14.54541015625,-86.6962890625,32.71533203125
"Micronesia, Federated States of",FM,FSM,East Asia & Pacific,2.0,1.0,1.0,1.0,1.0,1.0,1.0,1.0,1.0,1.0,1.0,1.0,1,1.0,1.0,1.0,1.0,1.0,1.0,1.0,1.0,1.0,1.0,,,,,,,,,,,,,,,,,,,,,,,,,,,,,,,,,,,,,,,,,,,,,,,,,,,,,,,,,,,Middle-income,Bisa menikah ≤ 13 tahun,≤ 13 tahun,≤ 13 tahun,Tanpa pembatasan,Tanpa pembatasan,Tanpa pembatasan,Tanpa pembatasan,Tanpa pembatasan,Tanpa pembatasan,Tanpa usia min. khusus perempuan,Tanpa usia min. khusus perempuan,False,False,0.0,False,158.24224485428377,6.887988281249996,138.06191406250002,5.277246093749994,162.99345703125005,9.593310546874989
Moldova,MD,MDA,Europe & Central Asia,2.0,5.0,5.0,5.0,5.0,5.0,5.0,5.0,5.0,3.0,3.0,5.0,3,5.0,5.0,5.0,5.0,3.0,5.0,5.0,3.0,5.0,5.0,0.0,0.0,0.0,0.0,0.0,0.0,0.0,0.0,0.0,0.0,0.0,0.0,0.0,1.0,1.0,1.0,1.0,1.0,1.0,1.0,1.0,1.0,1.0,1.0,1.0,1.0,1.0,1.0,1.0,1.0,1.0,1.0,1.0,1.0,1.0,1.0,1.0,1.0,1.0,1.0,1.0,1.0,1.0,1.0,1.0,1.0,1.0,1.0,1.0,1.0,1.0,1.0,1.0,1.0,1.0,1.0,1.0,1.0,Middle-income,Kesetaraan & usia ≥ 18 tahun,≥ 18 tahun,≥ 18 tahun,Dilarang secara hukum,Dilarang secara hukum,Dilarang secara hukum,Dilarang secara hukum,Hanya dengan persetujuan pengadilan / kehamilan,Hanya dengan persetujuan pengadilan / kehamilan,Tanpa perbedaan,Tanpa perbedaan,False,False,0.0,False,28.8230212895644,46.971215820312494,26.618945312500017,45.450439453125,30.13105468750001,48.477734375
Monaco,MC,MCO,Europe & Central Asia,4.0,5.0,5.0,5.0,5.0,5.0,5.0,5.0,5.0,3.0,3.0,5.0,3,5.0,5.0,5.0,5.0,3.0,5.0,5.0,3.0,5.0,5.0,,,,,,,,,,,,,,,,,,,,,,,,,,,,,,,,,,,,,,,,,,,,,,,,,,,,,,,,,,,High-income,Kesetaraan & usia ≥ 18 tahun,≥ 18 tahun,≥ 18 tahun,Dilarang secara hukum,Dilarang secara hukum,Dilarang secara hukum,Dilarang secara hukum,Hanya dengan persetujuan pengadilan / kehamilan,Hanya dengan persetujuan pengadilan / kehamilan,Tanpa perbedaan,Tanpa perbedaan,False,False,0.0,False,7.409188258937562,43.7518310546875,7.377734375000017,43.731738281249996,7.438671875000011,43.770898437499994
Mongolia,MN,MNG,East Asia & Pacific,2.0,5.0,5.0,5.0,5.0,5.0,5.0,5.0,5.0,5.0,5.0,5.0,5,5.0,5.0,5.0,5.0,5.0,5.0,5.0,5.0,5.0,5.0,1.0,1.0,1.0,1.0,1.0,1.0,1.0,1.0,1.0,1.0,1.0,1.0,1.0,1.0,1.0,1.0,1.0,1.0,1.0,1.0,1.0,1.0,1.0,1.0,1.0,1.0,1.0,1.0,1.0,1.0,1.0,1.0,1.0,1.0,1.0,1.0,1.0,1.0,1.0,1.0,1.0,1.0,1.0,1.0,1.0,1.0,1.0,1.0,1.0,1.0,1.0,1.0,1.0,1.0,1.0,1.0,1.0,1.0,Middle-income,Kesetaraan & usia ≥ 18 tahun,≥ 18 tahun,≥ 18 tahun,Dilarang secara hukum,Dilarang secara hukum,Dilarang secara hukum,Dilarang secara hukum,Dilarang secara hukum,Dilarang secara hukum,Tanpa perbedaan,Tanpa perbedaan,False,False,0.0,False,105.41720030650353,46.824633789062496,87.7431640625,41.595507812499996,119.89785156250002,52.11728515625
Montenegro,ME,MNE,Europe & Central Asia,2.0,5.0,5.0,5.0,5.0,5.0,5.0,5.0,5.0,3.0,3.0,5.0,5,5.0,5.0,5.0,5.0,3.0,5.0,5.0,3.0,5.0,5.0,,,,,,,,,,,,,1.0,1.0,1.0,1.0,1.0,1.0,1.0,1.0,1.0,1.0,1.0,1.0,1.0,1.0,1.0,1.0,1.0,,,,,,,,,,,,,1.0,1.0,1.0,1.0,1.0,1.0,1.0,1.0,1.0,1.0,1.0,1.0,1.0,1.0,1.0,1.0,1.0,Middle-income,Kesetaraan & usia ≥ 18 tahun,≥ 18 tahun,≥ 18 tahun,Dilarang secara hukum,Dilarang secara hukum,Dilarang secara hukum,Dilarang secara hukum,Hanya dengan persetujuan pengadilan / kehamilan,Hanya dengan persetujuan pengadilan / kehamilan,Tanpa perbedaan,Tanpa perbedaan,False,False,0.0,False,19.28240775393402,42.708935546875,18.436328125000017,41.869091796875,20.34765625,43.542333984375
Morocco,MA,MAR,Middle East & North Africa,2.0,5.0,5.0,5.0,5.0,5.0,5.0,5.0,5.0,1.0,1.0,5.0,3,5.0,5.0,3.0,3.0,3.0,3.0,3.0,3.0,5.0,5.0,0.0,0.0,0.0,0.0,0.0,0.0,0.0,0.0,0.0,1.0,1.0,1.0,1.0,1.0,1.0,1.0,1.0,1.0,1.0,1.0,1.0,1.0,1.0,1.0,1.0,1.0,1.0,1.0,1.0,1.0,1.0,1.0,1.0,1.0,1.0,1.0,1.0,1.0,1.0,1.0,1.0,1.0,1.0,1.0,1.0,1.0,1.0,1.0,1.0,1.0,1.0,1.0,1.0,1.0,1.0,1.0,1.0,1.0,Middle-income,Kesetaraan & usia ≥ 18 tahun,≥ 18 tahun,≥ 18 tahun,Hanya dengan persetujuan pengadilan / kehamilan,Hanya dengan persetujuan pengadilan / kehamilan,Hanya dengan persetujuan pengadilan / kehamilan,Hanya dengan persetujuan pengadilan / kehamilan,Hanya dengan persetujuan pengadilan / kehamilan,Hanya dengan persetujuan pengadilan / kehamilan,Tanpa perbedaan,Tanpa perbedaan,False,False,0.0,False,-9.915022193678453,28.655078124999996,-17.003076171874994,21.420703125000003,-1.0655273437499773,35.9298828125
Mozambique,MZ,MOZ,Sub-Saharan Africa,1.0,5.0,5.0,5.0,5.0,5.0,5.0,5.0,5.0,5.0,5.0,5.0,5,5.0,5.0,5.0,5.0,5.0,5.0,5.0,5.0,5.0,5.0,0.0,0.0,0.0,0.0,0.0,0.0,0.0,0.0,0.0,0.0,0.0,0.0,0.0,0.0,0.0,0.0,0.0,0.0,0.0,0.0,0.0,0.0,0.0,0.0,1.0,1.0,1.0,1.0,1.0,0.0,0.0,0.0,0.0,0.0,0.0,0.0,0.0,0.0,0.0,0.0,0.0,0.0,0.0,0.0,0.0,0.0,0.0,0.0,0.0,0.0,0.0,0.0,0.0,1.0,1.0,1.0,1.0,1.0,Low-income,Kesetaraan & usia ≥ 18 tahun,≥ 18 tahun,≥ 18 tahun,Dilarang secara hukum,Dilarang secara hukum,Dilarang secara hukum,Dilarang secara hukum,Dilarang secara hukum,Dilarang secara hukum,Tanpa perbedaan,Tanpa perbedaan,False,False,0.0,False,34.66830535888673,-18.660986328125006,30.221777343750006,-26.861621093750003,40.84453125000002,-10.46435546875
Myanmar,MM,MMR,East Asia & Pacific,2.0,5.0,5.0,5.0,5.0,,,,,,,,5,5.0,,,,,,,,5.0,5.0,0.0,0.0,0.0,0.0,0.0,0.0,0.0,0.0,0.0,0.0,0.0,0.0,0.0,0.0,0.0,0.0,0.0,0.0,0.0,0.0,0.0,0.0,0.0,0.0,1.0,1.0,1.0,1.0,1.0,1.0,1.0,1.0,1.0,1.0,1.0,1.0,1.0,1.0,1.0,1.0,1.0,1.0,1.0,1.0,1.0,1.0,1.0,1.0,1.0,1.0,1.0,1.0,1.0,1.0,1.0,1.0,1.0,1.0,Middle-income,,,,,,,,,,Tanpa perbedaan,Tanpa perbedaan,False,False,,True,95.91990094127462,19.2796630859375,92.17958984375002,9.875390624999994,101.14726562499999,28.517041015624997
Namibia,NA,NAM,Sub-Saharan Africa,2.0,5.0,5.0,5.0,5.0,9.0,9.0,9.0,9.0,9.0,9.0,9.0,3,5.0,2.0,2.0,2.0,2.0,2.0,2.0,2.0,5.0,5.0,0.0,1.0,1.0,1.0,1.0,1.0,1.0,1.0,1.0,1.0,1.0,1.0,1.0,1.0,1.0,1.0,1.0,1.0,1.0,1.0,1.0,1.0,1.0,1.0,1.0,1.0,1.0,1.0,1.0,1.0,1.0,1.0,1.0,1.0,1.0,1.0,1.0,1.0,1.0,1.0,1.0,1.0,1.0,1.0,1.0,1.0,1.0,1.0,1.0,1.0,1.0,1.0,1.0,1.0,1.0,1.0,1.0,1.0,Middle-income,Mungkin < 18 (diatur adat/agama),Tidak diketahui (adat/agama),Tidak diketahui (adat/agama),Boleh dengan izin orang tua / hukum adat,Boleh dengan izin orang tua / hukum adat,Boleh dengan izin orang tua / hukum adat,Boleh dengan izin orang tua / hukum adat,Boleh dengan izin orang tua / hukum adat,Boleh dengan izin orang tua / hukum adat,Tanpa perbedaan,Tanpa perbedaan,False,False,,False,17.19552612289834,-22.9447265625,11.7216796875,-28.938769531250003,25.2587890625,-16.96767578125001
Nauru,NR,NRU,East Asia & Pacific,4.0,5.0,5.0,5.0,5.0,5.0,5.0,5.0,5.0,5.0,5.0,5.0,5,5.0,5.0,5.0,5.0,5.0,5.0,5.0,5.0,5.0,5.0,,,,,,,,,,,,,,,,,,,,,,,,,,,,,,,,,,,,,,,,,,,,,,,,,,,,,,,,,,,High-income,Kesetaraan & usia ≥ 18 tahun,≥ 18 tahun,≥ 18 tahun,Dilarang secara hukum,Dilarang secara hukum,Dilarang secara hukum,Dilarang secara hukum,Dilarang secara hukum,Dilarang secara hukum,Tanpa perbedaan,Tanpa perbedaan,False,False,0.0,False,166.93217536659847,-0.5201660156250014,166.90703125000005,-0.55078125,166.95839843750002,-0.4893554687500057
Nepal,NP,NPL,South Asia,2.0,5.0,5.0,5.0,5.0,5.0,5.0,5.0,5.0,5.0,5.0,5.0,5,5.0,5.0,5.0,5.0,5.0,5.0,5.0,5.0,5.0,5.0,0.0,0.0,0.0,0.0,0.0,0.0,0.0,0.0,1.0,1.0,1.0,1.0,1.0,1.0,1.0,1.0,1.0,1.0,1.0,1.0,1.0,1.0,1.0,1.0,1.0,1.0,1.0,1.0,1.0,1.0,1.0,1.0,1.0,1.0,1.0,1.0,1.0,1.0,1.0,1.0,1.0,1.0,1.0,1.0,1.0,1.0,1.0,1.0,1.0,1.0,1.0,1.0,1.0,1.0,1.0,1.0,1.0,1.0,Middle-income,Kesetaraan & usia ≥ 18 tahun,≥ 18 tahun,≥ 18 tahun,Dilarang secara hukum,Dilarang secara hukum,Dilarang secara hukum,Dilarang secara hukum,Dilarang secara hukum,Dilarang secara hukum,Tanpa perbedaan,Tanpa perbedaan,False,False,0.0,False,83.07438345220186,28.39091796874998,80.05166015625002,26.360302734375125,88.16152343750002,30.387499999999996
The Netherlands,NL,NLD,Europe & Central Asia,4.0,5.0,5.0,5.0,5.0,5.0,5.0,5.0,5.0,5.0,5.0,5.0,5,5.0,5.0,5.0,5.0,5.0,5.0,5.0,5.0,5.0,5.0,,,,,,,,,,,,,,,,,,,,,,,,,,,,,,,,,,,,,,,,,,,,,,,,,,,,,,,,,,,High-income,Kesetaraan & usia ≥ 18 tahun,≥ 18 tahun,≥ 18 tahun,Dilarang secara hukum,Dilarang secara hukum,Dilarang secara hukum,Dilarang secara hukum,Dilarang secara hukum,Dilarang secara hukum,Tanpa perbedaan,Tanpa perbedaan,False,False,0.0,False,5.491288382746094,52.089453125,-68.37109375,12.032080078124991,7.197265625,53.62548828125
New Zealand,NZ,NZL,East Asia & Pacific,4.0,5.0,5.0,5.0,5.0,5.0,5.0,5.0,5.0,3.0,3.0,5.0,5,5.0,5.0,5.0,5.0,3.0,5.0,5.0,3.0,5.0,5.0,,,,,,,,,,,,,,,,,,,,,,,,,,,,,,,,,,,,,,,,,,,,,,,,,,,,,,,,,,,High-income,Kesetaraan & usia ≥ 18 tahun,≥ 18 tahun,≥ 18 tahun,Dilarang secara hukum,Dilarang secara hukum,Dilarang secara hukum,Dilarang secara hukum,Hanya dengan persetujuan pengadilan / kehamilan,Hanya dengan persetujuan pengadilan / kehamilan,Tanpa perbedaan,Tanpa perbedaan,False,False,0.0,False,176.61015208020189,-38.00805664062501,-176.84765625,-52.5703125,178.53623046875003,-8.546484375000006
Nicaragua,NI,NIC,Americas,2.0,5.0,5.0,3.0,3.0,5.0,5.0,3.0,3.0,3.0,3.0,3.0,2,5.0,5.0,5.0,5.0,2.0,5.0,5.0,2.0,5.0,5.0,0.0,0.0,0.0,0.0,0.0,0.0,0.0,0.0,0.0,0.0,0.0,0.0,0.0,0.0,0.0,0.0,0.0,0.0,0.0,0.0,0.0,0.0,0.0,0.0,0.0,0.0,0.0,0.0,0.0,0.0,0.0,0.0,0.0,0.0,0.0,0.0,0.0,0.0,0.0,0.0,0.0,0.0,0.0,0.0,0.0,0.0,0.0,0.0,0.0,0.0,0.0,0.0,0.0,0.0,0.0,0.0,0.0,0.0,Middle-income,1 masalah: kesenjangan ATAU usia 14-17,16-17 tahun,16-17 tahun,Dilarang secara hukum,Dilarang secara hukum,Dilarang secara hukum,Dilarang secara hukum,Boleh dengan izin orang tua / hukum adat,Boleh dengan izin orang tua / hukum adat,Tanpa perbedaan,Tanpa perbedaan,True,True,0.0,False,-85.54351112622894,12.83056640625,-87.670166015625,10.7353515625,-83.15751953124999,15.008056640625
Niger,NE,NER,Sub-Saharan Africa,1.0,5.0,5.0,2.0,5.0,9.0,9.0,9.0,9.0,9.0,9.0,9.0,2,5.0,2.0,2.0,2.0,2.0,2.0,2.0,2.0,5.0,2.0,0.0,0.0,0.0,0.0,0.0,0.0,0.0,0.0,0.0,0.0,0.0,0.0,0.0,0.0,0.0,0.0,0.0,0.0,0.0,0.0,0.0,0.0,0.0,0.0,0.0,0.0,0.0,0.0,0.0,1.0,1.0,1.0,1.0,1.0,1.0,1.0,1.0,1.0,1.0,1.0,1.0,1.0,1.0,1.0,1.0,1.0,1.0,1.0,1.0,1.0,1.0,1.0,1.0,1.0,1.0,1.0,1.0,1.0,Low-income,Mungkin < 18 (diatur adat/agama),Tidak diketahui (adat/agama),Tidak diketahui (adat/agama),Boleh dengan izin orang tua / hukum adat,Boleh dengan izin orang tua / hukum adat,Boleh dengan izin orang tua / hukum adat,Boleh dengan izin orang tua / hukum adat,Boleh dengan izin orang tua / hukum adat,Boleh dengan izin orang tua / hukum adat,Tanpa perbedaan,Perempuan 3 tahun lebih muda,False,False,,False,9.887136510253145,17.706347656249996,0.16386718750001705,11.6962890625,15.963183593750017,23.517871093750003
Nigeria,NG,NGA,Sub-Saharan Africa,2.0,5.0,5.0,5.0,5.0,1.0,1.0,1.0,1.0,5.0,5.0,1.0,5,5.0,2.0,2.0,2.0,2.0,2.0,2.0,2.0,5.0,5.0,0.0,0.0,0.0,0.0,0.0,0.0,0.0,0.0,0.0,0.0,1.0,1.0,1.0,1.0,1.0,1.0,1.0,1.0,1.0,1.0,1.0,1.0,1.0,1.0,1.0,1.0,1.0,1.0,1.0,0.0,0.0,0.0,0.0,0.0,0.0,0.0,0.0,0.0,0.0,1.0,1.0,1.0,1.0,1.0,1.0,1.0,1.0,1.0,1.0,1.0,1.0,1.0,1.0,1.0,1.0,1.0,1.0,1.0,Middle-income,Bisa menikah ≤ 13 tahun,≤ 13 tahun,≤ 13 tahun,Boleh dengan izin orang tua / hukum adat,Boleh dengan izin orang tua / hukum adat,Boleh dengan izin orang tua / hukum adat,Boleh dengan izin orang tua / hukum adat,Boleh dengan izin orang tua / hukum adat,Boleh dengan izin orang tua / hukum adat,Tanpa perbedaan,Tanpa perbedaan,True,True,0.0,False,7.903491376376457,9.072607421874991,2.68603515625,4.277392578124989,14.627148437500011,13.872851562500003
Norway,NO,NOR,Europe & Central Asia,4.0,5.0,5.0,5.0,5.0,5.0,5.0,5.0,5.0,5.0,5.0,5.0,5,5.0,5.0,5.0,5.0,5.0,5.0,5.0,5.0,5.0,5.0,,,,,,,,,,,,,,,,,,,,,,,,,,,,,,,,,,,,,,,,,,,,,,,,,,,,,,,,,,,High-income,Kesetaraan & usia ≥ 18 tahun,≥ 18 tahun,≥ 18 tahun,Dilarang secara hukum,Dilarang secara hukum,Dilarang secara hukum,Dilarang secara hukum,Dilarang secara hukum,Dilarang secara hukum,Tanpa perbedaan,Tanpa perbedaan,False,False,0.0,False,22.67496664870344,79.84211425781251,-9.098876953125,58.020947265625,33.62929687500002,80.47783203125
Oman,OM,OMN,Middle East & North Africa,4.0,5.0,5.0,5.0,5.0,1.0,1.0,1.0,1.0,1.0,1.0,1.0,3,5.0,2.0,2.0,2.0,2.0,2.0,2.0,2.0,5.0,5.0,0.0,0.0,1.0,1.0,1.0,1.0,1.0,1.0,1.0,1.0,1.0,1.0,1.0,1.0,1.0,1.0,1.0,1.0,1.0,1.0,1.0,1.0,1.0,1.0,1.0,1.0,1.0,1.0,1.0,0.0,0.0,1.0,1.0,1.0,1.0,1.0,1.0,1.0,1.0,1.0,1.0,1.0,1.0,1.0,1.0,1.0,1.0,1.0,1.0,1.0,1.0,1.0,1.0,1.0,1.0,1.0,1.0,1.0,High-income,Bisa menikah ≤ 13 tahun,≤ 13 tahun,≤ 13 tahun,Boleh dengan izin orang tua / hukum adat,Boleh dengan izin orang tua / hukum adat,Boleh dengan izin orang tua / hukum adat,Boleh dengan izin orang tua / hukum adat,Boleh dengan izin orang tua / hukum adat,Boleh dengan izin orang tua / hukum adat,Tanpa perbedaan,Tanpa perbedaan,True,True,0.0,False,56.99241871640824,20.855615234375,51.977636718750006,16.648388671874997,59.837500000000006,26.356347656249994
Pakistan,PK,PAK,South Asia,2.0,3.0,5.0,3.0,5.0,3.0,5.0,3.0,5.0,3.0,5.0,2.0,1,1.0,1.0,5.0,5.0,1.0,5.0,5.0,5.0,3.0,3.0,0.0,0.0,0.0,0.0,0.0,0.0,0.0,0.0,0.0,0.0,0.0,0.0,0.0,0.0,0.0,0.0,0.0,0.0,0.0,0.0,0.0,0.0,0.0,0.0,0.0,0.0,0.0,0.0,0.0,1.0,1.0,1.0,1.0,1.0,1.0,1.0,1.0,1.0,1.0,1.0,1.0,1.0,1.0,1.0,1.0,1.0,1.0,1.0,1.0,1.0,1.0,1.0,1.0,1.0,1.0,1.0,1.0,1.0,Middle-income,2 masalah: kesenjangan DAN usia 14-17,16-17 tahun,≥ 18 tahun,Dilarang secara hukum,Dilarang secara hukum,Dilarang secara hukum,Dilarang secara hukum,Tanpa pembatasan,Dilarang secara hukum,Perempuan 1-2 tahun lebih muda,Perempuan 1-2 tahun lebih muda,False,False,2.0,True,70.09930825074686,30.414697265625023,60.843359375000006,23.753369140624997,77.04863281249999,37.036669921874996
Palau,PW,PLW,East Asia & Pacific,2.0,5.0,5.0,3.0,5.0,9.0,9.0,9.0,9.0,9.0,9.0,9.0,2,5.0,2.0,2.0,2.0,2.0,2.0,2.0,2.0,5.0,3.0,,,,,,,,,,,,,,,,,,,,,,,,,,,,,,,,,,,,,,,,,,,,,,,,,,,,,,,,,,,Middle-income,Mungkin < 18 (diatur adat/agama),Tidak diketahui (adat/agama),Tidak diketahui (adat/agama),Boleh dengan izin orang tua / hukum adat,Boleh dengan izin orang tua / hukum adat,Boleh dengan izin orang tua / hukum adat,Boleh dengan izin orang tua / hukum adat,Boleh dengan izin orang tua / hukum adat,Boleh dengan izin orang tua / hukum adat,Tanpa perbedaan,Perempuan 1-2 tahun lebih muda,False,False,,False,134.58913108312765,7.559863281249996,131.1349609375,3.0218749999999943,134.65957031250002,7.712109374999997
Panama,PA,PAN,Americas,4.0,5.0,5.0,5.0,5.0,5.0,5.0,5.0,5.0,5.0,5.0,5.0,5,5.0,5.0,5.0,5.0,5.0,5.0,5.0,5.0,5.0,5.0,0.0,0.0,0.0,0.0,0.0,0.0,0.0,0.0,0.0,0.0,0.0,0.0,0.0,0.0,0.0,0.0,0.0,0.0,0.0,0.0,1.0,1.0,1.0,1.0,1.0,1.0,1.0,1.0,1.0,0.0,0.0,0.0,0.0,0.0,0.0,0.0,0.0,0.0,0.0,0.0,0.0,0.0,0.0,0.0,0.0,0.0,0.0,0.0,0.0,1.0,1.0,1.0,1.0,1.0,1.0,1.0,1.0,1.0,High-income,Kesetaraan & usia ≥ 18 tahun,≥ 18 tahun,≥ 18 tahun,Dilarang secara hukum,Dilarang secara hukum,Dilarang secara hukum,Dilarang secara hukum,Dilarang secara hukum,Dilarang secara hukum,Tanpa perbedaan,Tanpa perbedaan,False,False,0.0,False,-81.48037143817442,8.411132812499993,-83.02734375,7.2200683593749915,-77.19599609375,9.597851562499997
Papua New Guinea,PG,PNG,East Asia & Pacific,2.0,5.0,5.0,3.0,5.0,9.0,9.0,9.0,9.0,9.0,9.0,9.0,2,5.0,2.0,2.0,2.0,2.0,2.0,2.0,2.0,5.0,3.0,,,,,,,,,,,,,,,,,,,,,,,,,,,,,,,,,,,,,,,,,,,,,,,,,,,,,,,,,,,Middle-income,Mungkin < 18 (diatur adat/agama),Tidak diketahui (adat/agama),Tidak diketahui (adat/agama),Boleh dengan izin orang tua / hukum adat,Boleh dengan izin orang tua / hukum adat,Boleh dengan izin orang tua / hukum adat,Boleh dengan izin orang tua / hukum adat,Boleh dengan izin orang tua / hukum adat,Boleh dengan izin orang tua / hukum adat,Tanpa perbedaan,Perempuan 1-2 tahun lebih muda,False,False,,False,144.35986815307157,-6.636962890625007,140.8623046875,-11.630566406250011,155.95761718750003,-1.3532226562500114
Paraguay,PY,PRY,Americas,2.0,5.0,5.0,3.0,3.0,5.0,5.0,3.0,3.0,3.0,3.0,3.0,2,5.0,5.0,5.0,5.0,2.0,5.0,5.0,2.0,5.0,5.0,0.0,0.0,0.0,0.0,0.0,0.0,0.0,0.0,0.0,0.0,0.0,0.0,0.0,0.0,0.0,0.0,0.0,0.0,0.0,0.0,0.0,0.0,0.0,0.0,0.0,0.0,0.0,0.0,0.0,0.0,0.0,0.0,0.0,0.0,0.0,0.0,0.0,0.0,0.0,0.0,0.0,0.0,0.0,0.0,0.0,0.0,0.0,0.0,0.0,0.0,0.0,0.0,0.0,0.0,0.0,0.0,0.0,0.0,Middle-income,1 masalah: kesenjangan ATAU usia 14-17,16-17 tahun,16-17 tahun,Dilarang secara hukum,Dilarang secara hukum,Dilarang secara hukum,Dilarang secara hukum,Boleh dengan izin orang tua / hukum adat,Boleh dengan izin orang tua / hukum adat,Tanpa perbedaan,Tanpa perbedaan,True,True,0.0,False,-58.481173675024145,-23.436572265625003,-62.65097656249999,-27.553808593750006,-54.24179687499999,-19.286230468750006
Peru,PE,PER,Americas,2.0,5.0,5.0,5.0,5.0,5.0,5.0,5.0,5.0,3.0,3.0,5.0,3,5.0,5.0,5.0,5.0,3.0,5.0,5.0,3.0,5.0,5.0,0.0,0.0,0.0,0.0,1.0,1.0,1.0,1.0,1.0,1.0,1.0,1.0,1.0,1.0,1.0,1.0,1.0,1.0,1.0,1.0,1.0,1.0,1.0,1.0,1.0,1.0,1.0,1.0,1.0,0.0,0.0,0.0,0.0,1.0,1.0,1.0,1.0,1.0,1.0,1.0,1.0,1.0,1.0,1.0,1.0,1.0,1.0,1.0,1.0,1.0,1.0,1.0,1.0,1.0,1.0,1.0,1.0,1.0,Middle-income,Kesetaraan & usia ≥ 18 tahun,≥ 18 tahun,≥ 18 tahun,Dilarang secara hukum,Dilarang secara hukum,Dilarang secara hukum,Dilarang secara hukum,Hanya dengan persetujuan pengadilan / kehamilan,Hanya dengan persetujuan pengadilan / kehamilan,Tanpa perbedaan,Tanpa perbedaan,False,False,0.0,False,-75.7954684671538,-9.211181640625007,-81.33662109375,-18.34560546875001,-68.68525390625,-0.041748046875
The Philippines,PH,PHL,East Asia & Pacific,2.0,5.0,5.0,5.0,5.0,5.0,5.0,5.0,5.0,5.0,5.0,5.0,5,5.0,5.0,5.0,5.0,5.0,5.0,5.0,5.0,5.0,5.0,1.0,1.0,1.0,1.0,1.0,1.0,1.0,1.0,1.0,1.0,1.0,1.0,1.0,1.0,1.0,1.0,1.0,1.0,1.0,1.0,1.0,1.0,1.0,1.0,1.0,1.0,1.0,1.0,1.0,1.0,1.0,1.0,1.0,1.0,1.0,1.0,1.0,1.0,1.0,1.0,1.0,1.0,1.0,1.0,1.0,1.0,1.0,1.0,1.0,1.0,1.0,1.0,1.0,1.0,1.0,1.0,1.0,1.0,Middle-income,Kesetaraan & usia ≥ 18 tahun,≥ 18 tahun,≥ 18 tahun,Dilarang secara hukum,Dilarang secara hukum,Dilarang secara hukum,Dilarang secara hukum,Dilarang secara hukum,Dilarang secara hukum,Tanpa perbedaan,Tanpa perbedaan,False,False,0.0,False,125.23455314734278,7.6888427734375,116.96953124999999,5.060205078124994,126.59335937500003,20.841259765624997
Poland,PL,POL,Europe & Central Asia,4.0,5.0,5.0,5.0,5.0,5.0,5.0,5.0,5.0,3.0,5.0,5.0,5,5.0,5.0,5.0,5.0,3.0,5.0,5.0,5.0,5.0,5.0,,,,,,,,,,,,,,,,,,,,,,,,,,,,,,,,,,,,,,,,,,,,,,,,,,,,,,,,,,,High-income,Kesetaraan & usia ≥ 18 tahun,≥ 18 tahun,≥ 18 tahun,Dilarang secara hukum,Dilarang secara hukum,Dilarang secara hukum,Dilarang secara hukum,Hanya dengan persetujuan pengadilan / kehamilan,Dilarang secara hukum,Tanpa perbedaan,Tanpa perbedaan,False,False,0.0,False,19.157769426892354,51.931420898437494,14.128613281250011,49.020751953125,24.105761718750017,54.838183593749996
Portugal,PT,PRT,Europe & Central Asia,4.0,5.0,5.0,3.0,3.0,5.0,5.0,3.0,3.0,3.0,3.0,3.0,2,5.0,5.0,5.0,5.0,2.0,5.0,5.0,2.0,5.0,5.0,,,,,,,,,,,,,,,,,,,,,,,,,,,,,,,,,,,,,,,,,,,,,,,,,,,,,,,,,,,High-income,1 masalah: kesenjangan ATAU usia 14-17,16-17 tahun,16-17 tahun,Dilarang secara hukum,Dilarang secara hukum,Dilarang secara hukum,Dilarang secara hukum,Boleh dengan izin orang tua / hukum adat,Boleh dengan izin orang tua / hukum adat,Tanpa perbedaan,Tanpa perbedaan,True,True,0.0,False,-8.30439407579037,39.593652343749994,-31.282958984375,32.648291015625,-6.212499999999977,42.13740234375
Qatar,QA,QAT,Middle East & North Africa,4.0,3.0,5.0,3.0,5.0,1.0,1.0,1.0,1.0,1.0,1.0,1.0,1,1.0,1.0,2.0,2.0,1.0,2.0,2.0,2.0,3.0,3.0,0.0,0.0,0.0,0.0,0.0,0.0,0.0,0.0,0.0,0.0,0.0,0.0,0.0,0.0,0.0,0.0,0.0,0.0,0.0,0.0,0.0,0.0,0.0,0.0,0.0,0.0,0.0,0.0,0.0,0.0,0.0,0.0,0.0,0.0,0.0,0.0,0.0,0.0,0.0,0.0,1.0,1.0,1.0,1.0,1.0,1.0,1.0,1.0,1.0,1.0,1.0,1.0,1.0,1.0,1.0,1.0,1.0,1.0,High-income,Bisa menikah ≤ 13 tahun,≤ 13 tahun,≤ 13 tahun,Boleh dengan izin orang tua / hukum adat,Boleh dengan izin orang tua / hukum adat,Boleh dengan izin orang tua / hukum adat,Boleh dengan izin orang tua / hukum adat,Tanpa pembatasan,Boleh dengan izin orang tua / hukum adat,Perempuan 1-2 tahun lebih muda,Perempuan 1-2 tahun lebih muda,True,True,0.0,False,51.15072213067323,25.337109374999997,50.75458984375001,24.564648437499997,51.60888671875,26.153271484374997
Romania,RO,ROU,Europe & Central Asia,4.0,5.0,5.0,5.0,5.0,5.0,5.0,5.0,5.0,3.0,3.0,5.0,3,5.0,5.0,5.0,5.0,3.0,5.0,5.0,3.0,5.0,5.0,,,,,,,,,,,,,,,,,,,,,,,,,,,,,,,,,,,,,,,,,,,,,,,,,,,,,,,,,,,High-income,Kesetaraan & usia ≥ 18 tahun,≥ 18 tahun,≥ 18 tahun,Dilarang secara hukum,Dilarang secara hukum,Dilarang secara hukum,Dilarang secara hukum,Hanya dengan persetujuan pengadilan / kehamilan,Hanya dengan persetujuan pengadilan / kehamilan,Tanpa perbedaan,Tanpa perbedaan,False,False,0.0,False,24.25187856790929,45.956689453124994,20.241796875000006,43.670800781249994,29.705859375000017,48.263476562499996
Russian Federation,RU,RUS,Europe & Central Asia,2.0,5.0,5.0,5.0,5.0,5.0,5.0,5.0,5.0,3.0,3.0,5.0,5,5.0,5.0,5.0,5.0,3.0,5.0,5.0,3.0,5.0,5.0,,,,,,,,,,,,,,,,,,,,,,,,,,,,,,,,,,,,,,,,,,,,,,,,,,,,,,,,,,,Middle-income,Kesetaraan & usia ≥ 18 tahun,≥ 18 tahun,≥ 18 tahun,Dilarang secara hukum,Dilarang secara hukum,Dilarang secara hukum,Dilarang secara hukum,Hanya dengan persetujuan pengadilan / kehamilan,Hanya dengan persetujuan pengadilan / kehamilan,Tanpa perbedaan,Tanpa perbedaan,False,False,0.0,False,88.38590037891798,59.46494140625,-180.0,41.199267578124996,180.0,81.85419921875
Rwanda,RW,RWA,Sub-Saharan Africa,1.0,5.0,5.0,5.0,5.0,5.0,5.0,5.0,5.0,5.0,5.0,5.0,5,5.0,5.0,5.0,5.0,5.0,5.0,5.0,5.0,5.0,5.0,1.0,1.0,1.0,1.0,1.0,1.0,1.0,1.0,1.0,1.0,1.0,1.0,1.0,1.0,1.0,1.0,1.0,1.0,1.0,1.0,1.0,1.0,1.0,1.0,1.0,1.0,1.0,1.0,1.0,1.0,1.0,1.0,1.0,1.0,1.0,1.0,1.0,1.0,1.0,1.0,1.0,1.0,1.0,1.0,1.0,1.0,1.0,1.0,1.0,1.0,1.0,1.0,1.0,1.0,1.0,1.0,1.0,1.0,Low-income,Kesetaraan & usia ≥ 18 tahun,≥ 18 tahun,≥ 18 tahun,Dilarang secara hukum,Dilarang secara hukum,Dilarang secara hukum,Dilarang secara hukum,Dilarang secara hukum,Dilarang secara hukum,Tanpa perbedaan,Tanpa perbedaan,False,False,0.0,False,29.973842706107966,-1.91386718750001,28.85761718750001,-2.80859375,30.876562500000006,-1.0630859375000057
Samoa,WS,WSM,East Asia & Pacific,2.0,5.0,5.0,3.0,5.0,5.0,5.0,3.0,5.0,3.0,5.0,2.0,2,5.0,5.0,5.0,5.0,2.0,5.0,5.0,5.0,3.0,3.0,0.0,0.0,0.0,0.0,0.0,0.0,0.0,0.0,0.0,0.0,0.0,0.0,0.0,0.0,0.0,0.0,0.0,0.0,0.0,0.0,0.0,0.0,0.0,0.0,0.0,0.0,0.0,0.0,0.0,1.0,1.0,1.0,1.0,1.0,1.0,1.0,1.0,1.0,1.0,1.0,1.0,1.0,1.0,1.0,1.0,1.0,1.0,1.0,1.0,1.0,1.0,1.0,1.0,1.0,1.0,1.0,1.0,1.0,Middle-income,2 masalah: kesenjangan DAN usia 14-17,16-17 tahun,≥ 18 tahun,Dilarang secara hukum,Dilarang secara hukum,Dilarang secara hukum,Dilarang secara hukum,Boleh dengan izin orang tua / hukum adat,Dilarang secara hukum,Perempuan 1-2 tahun lebih muda,Perempuan 1-2 tahun lebih muda,True,False,2.0,True,-172.45216587611608,-13.611767578125004,-172.778515625,-14.047265625000009,-171.449560546875,-13.465234375000009
San Marino,SM,SMR,Europe & Central Asia,4.0,5.0,5.0,5.0,5.0,5.0,5.0,5.0,5.0,3.0,3.0,5.0,5,5.0,5.0,5.0,5.0,3.0,5.0,5.0,3.0,5.0,5.0,,,,,,,,,,,,,,,,,,,,,,,,,,,,,,,,,,,,,,,,,,,,,,,,,,,,,,,,,,,High-income,Kesetaraan & usia ≥ 18 tahun,≥ 18 tahun,≥ 18 tahun,Dilarang secara hukum,Dilarang secara hukum,Dilarang secara hukum,Dilarang secara hukum,Hanya dengan persetujuan pengadilan / kehamilan,Hanya dengan persetujuan pengadilan / kehamilan,Tanpa perbedaan,Tanpa perbedaan,False,False,0.0,False,12.457392750152056,43.9437744140625,12.396875000000023,43.894091796874996,12.5146484375,43.98974609375
Sao Tome and Principe,ST,STP,Sub-Saharan Africa,2.0,5.0,5.0,5.0,5.0,5.0,5.0,5.0,5.0,5.0,5.0,5.0,5,5.0,5.0,5.0,5.0,5.0,5.0,5.0,5.0,5.0,5.0,0.0,0.0,0.0,0.0,0.0,0.0,0.0,0.0,0.0,0.0,0.0,0.0,0.0,0.0,0.0,0.0,0.0,0.0,0.0,0.0,0.0,0.0,0.0,0.0,1.0,1.0,1.0,1.0,1.0,0.0,0.0,0.0,0.0,0.0,0.0,0.0,0.0,0.0,0.0,0.0,0.0,0.0,0.0,0.0,0.0,0.0,0.0,0.0,0.0,0.0,0.0,0.0,0.0,1.0,1.0,1.0,1.0,1.0,Middle-income,Kesetaraan & usia ≥ 18 tahun,≥ 18 tahun,≥ 18 tahun,Dilarang secara hukum,Dilarang secara hukum,Dilarang secara hukum,Dilarang secara hukum,Dilarang secara hukum,Dilarang secara hukum,Tanpa perbedaan,Tanpa perbedaan,False,False,0.0,False,6.590606572895604,0.17399902343748863,6.468164062500023,0.04736328125,7.452343750000011,1.6991210937499943
Saudi Arabia,SA,SAU,Middle East & North Africa,4.0,5.0,5.0,5.0,5.0,1.0,1.0,1.0,1.0,1.0,1.0,1.0,3,5.0,2.0,2.0,2.0,2.0,2.0,2.0,2.0,5.0,5.0,,,,,,,,,,,,,,,,,,,,,,,,,,,,,,,,,,,,,,,,,,,,,,,,,,,,,,,,,,,High-income,Bisa menikah ≤ 13 tahun,≤ 13 tahun,≤ 13 tahun,Boleh dengan izin orang tua / hukum adat,Boleh dengan izin orang tua / hukum adat,Boleh dengan izin orang tua / hukum adat,Boleh dengan izin orang tua / hukum adat,Boleh dengan izin orang tua / hukum adat,Boleh dengan izin orang tua / hukum adat,Tanpa perbedaan,Tanpa perbedaan,True,True,0.0,False,44.6733995625442,24.222705078124996,34.6162109375,16.371777343749997,55.64101562500002,32.12451171875
Senegal,SN,SEN,Sub-Saharan Africa,2.0,5.0,5.0,3.0,5.0,5.0,5.0,3.0,5.0,1.0,1.0,2.0,2,5.0,5.0,3.0,3.0,2.0,3.0,3.0,3.0,5.0,3.0,0.0,0.0,0.0,0.0,0.0,0.0,0.0,0.0,0.0,0.0,0.0,0.0,0.0,0.0,0.0,0.0,0.0,0.0,0.0,0.0,0.0,0.0,0.0,0.0,0.0,0.0,0.0,0.0,0.0,1.0,1.0,1.0,1.0,1.0,1.0,1.0,1.0,1.0,1.0,1.0,1.0,1.0,1.0,1.0,1.0,1.0,1.0,1.0,1.0,1.0,1.0,1.0,1.0,1.0,1.0,1.0,1.0,1.0,Middle-income,2 masalah: kesenjangan DAN usia 14-17,16-17 tahun,≥ 18 tahun,Hanya dengan persetujuan pengadilan / kehamilan,Hanya dengan persetujuan pengadilan / kehamilan,Hanya dengan persetujuan pengadilan / kehamilan,Hanya dengan persetujuan pengadilan / kehamilan,Boleh dengan izin orang tua / hukum adat,Hanya dengan persetujuan pengadilan / kehamilan,Tanpa perbedaan,Perempuan 1-2 tahun lebih muda,True,False,2.0,True,-14.659730638823778,14.527099609374993,-17.53564453125,12.328027343749994,-11.382421874999977,16.678906249999997
Serbia,RS,SRB,Europe & Central Asia,2.0,5.0,5.0,5.0,5.0,5.0,5.0,5.0,5.0,3.0,3.0,5.0,5,2.0,5.0,5.0,5.0,3.0,5.0,5.0,3.0,5.0,5.0,,,,,,,,,,,1.0,1.0,1.0,1.0,1.0,1.0,1.0,1.0,1.0,1.0,1.0,1.0,1.0,1.0,1.0,1.0,1.0,1.0,1.0,,,,,,,,,,,1.0,1.0,1.0,1.0,1.0,1.0,1.0,1.0,1.0,1.0,1.0,1.0,1.0,1.0,1.0,1.0,1.0,1.0,1.0,Middle-income,Kesetaraan & usia ≥ 18 tahun,≥ 18 tahun,≥ 18 tahun,Dilarang secara hukum,Dilarang secara hukum,Dilarang secara hukum,Dilarang secara hukum,Hanya dengan persetujuan pengadilan / kehamilan,Hanya dengan persetujuan pengadilan / kehamilan,Tanpa perbedaan,Tanpa perbedaan,False,False,0.0,False,21.00489694959574,44.2071533203125,18.83906250000001,42.242138671875,22.976855468750017,46.169189453125
Seychelles,SC,SYC,Sub-Saharan Africa,4.0,5.0,5.0,5.0,5.0,5.0,5.0,5.0,5.0,5.0,5.0,5.0,5,5.0,5.0,5.0,5.0,5.0,5.0,5.0,5.0,5.0,5.0,,,,,,,,,,,,,,,,,,,,,,,,,,,,,,,,,,,,,,,,,,,,,,,,,,,,,,,,,,,High-income,Kesetaraan & usia ≥ 18 tahun,≥ 18 tahun,≥ 18 tahun,Dilarang secara hukum,Dilarang secara hukum,Dilarang secara hukum,Dilarang secara hukum,Dilarang secara hukum,Dilarang secara hukum,Tanpa perbedaan,Tanpa perbedaan,False,False,0.0,False,55.487306811640266,-4.67167968750001,55.383398437500006,-4.7855468750000085,55.54296875,-4.558789062500011
Sierra Leone,SL,SLE,Sub-Saharan Africa,1.0,5.0,5.0,5.0,5.0,1.0,1.0,1.0,1.0,1.0,1.0,1.0,5,5.0,2.0,2.0,2.0,2.0,2.0,2.0,2.0,5.0,5.0,0.0,0.0,0.0,0.0,0.0,0.0,0.0,0.0,0.0,0.0,0.0,0.0,1.0,1.0,1.0,1.0,1.0,1.0,1.0,1.0,1.0,1.0,1.0,1.0,1.0,1.0,1.0,1.0,1.0,0.0,0.0,0.0,0.0,0.0,0.0,0.0,0.0,0.0,0.0,0.0,0.0,1.0,1.0,1.0,1.0,1.0,1.0,1.0,1.0,1.0,1.0,1.0,1.0,1.0,1.0,1.0,1.0,1.0,Low-income,Bisa menikah ≤ 13 tahun,≤ 13 tahun,≤ 13 tahun,Boleh dengan izin orang tua / hukum adat,Boleh dengan izin orang tua / hukum adat,Boleh dengan izin orang tua / hukum adat,Boleh dengan izin orang tua / hukum adat,Boleh dengan izin orang tua / hukum adat,Boleh dengan izin orang tua / hukum adat,Tanpa perbedaan,Tanpa perbedaan,True,True,0.0,False,-11.861726694483071,8.448193359374997,-13.292675781249983,6.906542968749989,-10.283203125,9.996533203124997
Singapore,SG,SGP,East Asia & Pacific,4.0,5.0,5.0,5.0,5.0,1.0,5.0,1.0,5.0,1.0,1.0,1.0,3,5.0,2.0,2.0,2.0,2.0,3.0,3.0,3.0,5.0,5.0,,,,,,,,,,,,,,,,,,,,,,,,,,,,,,,,,,,,,,,,,,,,,,,,,,,,,,,,,,,High-income,Bisa menikah ≤ 13 tahun,≤ 13 tahun,≥ 18 tahun,Boleh dengan izin orang tua / hukum adat,Hanya dengan persetujuan pengadilan / kehamilan,Boleh dengan izin orang tua / hukum adat,Hanya dengan persetujuan pengadilan / kehamilan,Boleh dengan izin orang tua / hukum adat,Hanya dengan persetujuan pengadilan / kehamilan,Tanpa perbedaan,Tanpa perbedaan,True,False,4.0,True,103.8230403118181,1.3483398437499972,103.65019531249999,1.265380859375,103.99638671874999,1.4470703124999886
Slovakia,SK,SVK,Europe & Central Asia,4.0,5.0,5.0,5.0,5.0,5.0,5.0,5.0,5.0,3.0,3.0,5.0,5,5.0,5.0,5.0,5.0,3.0,5.0,5.0,3.0,5.0,5.0,,,,,,,,,,,,,,,,,,,,,,,,,,,,,,,,,,,,,,,,,,,,,,,,,,,,,,,,,,,High-income,Kesetaraan & usia ≥ 18 tahun,≥ 18 tahun,≥ 18 tahun,Dilarang secara hukum,Dilarang secara hukum,Dilarang secara hukum,Dilarang secara hukum,Hanya dengan persetujuan pengadilan / kehamilan,Hanya dengan persetujuan pengadilan / kehamilan,Tanpa perbedaan,Tanpa perbedaan,False,False,0.0,False,19.63901225103263,48.68137207031249,16.862695312500023,47.763427734375,22.538671875000006,49.597705078124996
Slovenia,SI,SVN,Europe & Central Asia,4.0,5.0,5.0,5.0,5.0,5.0,5.0,5.0,5.0,2.0,2.0,5.0,5,5.0,5.0,5.0,3.0,3.0,5.0,3.0,3.0,5.0,5.0,,,,,,,,,,,,,,,,,,,,,,,,,,,,,,,,,,,,,,,,,,,,,,,,,,,,,,,,,,,High-income,Kesetaraan & usia ≥ 18 tahun,≥ 18 tahun,≥ 18 tahun,Dilarang secara hukum,Dilarang secara hukum,Hanya dengan persetujuan pengadilan / kehamilan,Hanya dengan persetujuan pengadilan / kehamilan,Hanya dengan persetujuan pengadilan / kehamilan,Hanya dengan persetujuan pengadilan / kehamilan,Tanpa perbedaan,Tanpa perbedaan,False,False,0.0,False,14.612744035065075,46.148876953125,13.378222656250017,45.428369140624994,16.516210937500006,46.86328125
Solomon Islands,SB,SLB,East Asia & Pacific,2.0,5.0,5.0,2.0,2.0,9.0,9.0,9.0,9.0,9.0,9.0,9.0,2,5.0,2.0,2.0,2.0,2.0,2.0,2.0,2.0,5.0,5.0,,,,,,,,,,,,,,,,,,,,,,,,,,,,,,,,,,,,,,,,,,,,,,,,,,,,,,,,,,,Middle-income,Mungkin < 18 (diatur adat/agama),Tidak diketahui (adat/agama),Tidak diketahui (adat/agama),Boleh dengan izin orang tua / hukum adat,Boleh dengan izin orang tua / hukum adat,Boleh dengan izin orang tua / hukum adat,Boleh dengan izin orang tua / hukum adat,Boleh dengan izin orang tua / hukum adat,Boleh dengan izin orang tua / hukum adat,Tanpa perbedaan,Tanpa perbedaan,False,False,,False,160.15284398923592,-9.612841796875003,155.67753906250005,-11.832226562500011,166.92919921875,-6.60888671875
Somalia,SO,SOM,Sub-Saharan Africa,1.0,5.0,5.0,3.0,5.0,5.0,5.0,3.0,5.0,1.0,1.0,2.0,2,5.0,5.0,3.0,3.0,2.0,3.0,3.0,3.0,5.0,3.0,0.0,0.0,0.0,0.0,0.0,0.0,0.0,0.0,0.0,0.0,0.0,0.0,0.0,0.0,0.0,0.0,0.0,0.0,0.0,0.0,0.0,0.0,0.0,0.0,0.0,0.0,0.0,0.0,0.0,1.0,1.0,1.0,1.0,1.0,1.0,1.0,1.0,1.0,1.0,1.0,1.0,1.0,1.0,1.0,1.0,1.0,1.0,1.0,1.0,1.0,1.0,1.0,1.0,1.0,1.0,1.0,1.0,1.0,Low-income,2 masalah: kesenjangan DAN usia 14-17,16-17 tahun,≥ 18 tahun,Hanya dengan persetujuan pengadilan / kehamilan,Hanya dengan persetujuan pengadilan / kehamilan,Hanya dengan persetujuan pengadilan / kehamilan,Hanya dengan persetujuan pengadilan / kehamilan,Boleh dengan izin orang tua / hukum adat,Hanya dengan persetujuan pengadilan / kehamilan,Tanpa perbedaan,Perempuan 1-2 tahun lebih muda,True,False,2.0,True,46.88848067772416,5.2885498046874915,40.964453125000006,-1.6953125,51.390234375000006,11.983691406249989
South Africa,ZA,ZAF,Sub-Saharan Africa,2.0,5.0,5.0,2.0,5.0,1.0,1.0,1.0,1.0,1.0,1.0,1.0,2,5.0,2.0,2.0,2.0,2.0,2.0,2.0,2.0,5.0,2.0,0.0,0.0,0.0,0.0,0.0,0.0,0.0,0.0,0.0,0.0,0.0,0.0,0.0,0.0,0.0,0.0,0.0,0.0,0.0,0.0,0.0,0.0,0.0,0.0,0.0,0.0,0.0,0.0,0.0,1.0,1.0,1.0,1.0,1.0,1.0,1.0,1.0,1.0,1.0,1.0,1.0,1.0,1.0,1.0,1.0,1.0,1.0,1.0,1.0,1.0,1.0,1.0,1.0,1.0,1.0,1.0,1.0,1.0,Middle-income,Bisa menikah ≤ 13 tahun,≤ 13 tahun,≤ 13 tahun,Boleh dengan izin orang tua / hukum adat,Boleh dengan izin orang tua / hukum adat,Boleh dengan izin orang tua / hukum adat,Boleh dengan izin orang tua / hukum adat,Boleh dengan izin orang tua / hukum adat,Boleh dengan izin orang tua / hukum adat,Tanpa perbedaan,Perempuan 3 tahun lebih muda,True,True,0.0,False,26.09462057501269,-28.470214843750007,16.447558593750017,-46.962890625,37.8876953125,-22.146289062500003
South Sudan,SS,SSD,Sub-Saharan Africa,1.0,5.0,5.0,5.0,5.0,5.0,5.0,5.0,5.0,5.0,5.0,5.0,5,5.0,5.0,5.0,5.0,5.0,5.0,5.0,5.0,5.0,5.0,,,,,,,,,,,,,,,,,1.0,1.0,1.0,1.0,1.0,1.0,1.0,1.0,1.0,1.0,1.0,1.0,1.0,,,,,,,,,,,,,,,,,1.0,1.0,1.0,1.0,1.0,1.0,1.0,1.0,1.0,1.0,1.0,1.0,1.0,Low-income,Kesetaraan & usia ≥ 18 tahun,≥ 18 tahun,≥ 18 tahun,Dilarang secara hukum,Dilarang secara hukum,Dilarang secara hukum,Dilarang secara hukum,Dilarang secara hukum,Dilarang secara hukum,Tanpa perbedaan,Tanpa perbedaan,False,False,0.0,False,29.10051837724118,7.846142578124997,24.147363281250023,3.49072265625,35.26835937500002,12.223095703124997
Spain,ES,ESP,Europe & Central Asia,4.0,5.0,5.0,5.0,5.0,5.0,5.0,5.0,5.0,5.0,5.0,5.0,5,5.0,5.0,5.0,5.0,5.0,5.0,5.0,5.0,5.0,5.0,,,,,,,,,,,,,,,,,,,,,,,,,,,,,,,,,,,,,,,,,,,,,,,,,,,,,,,,,,,High-income,Kesetaraan & usia ≥ 18 tahun,≥ 18 tahun,≥ 18 tahun,Dilarang secara hukum,Dilarang secara hukum,Dilarang secara hukum,Dilarang secara hukum,Dilarang secara hukum,Dilarang secara hukum,Tanpa perbedaan,Tanpa perbedaan,False,False,0.0,False,-3.487145017712778,39.906518554687494,-18.160546874999994,27.646386718749994,4.322070312500017,43.764550781249994
Sri Lanka,LK,LKA,South Asia,2.0,5.0,5.0,5.0,5.0,1.0,1.0,1.0,1.0,1.0,1.0,1.0,5,5.0,2.0,2.0,2.0,2.0,2.0,2.0,2.0,5.0,5.0,1.0,1.0,1.0,1.0,1.0,1.0,1.0,1.0,1.0,1.0,1.0,1.0,1.0,1.0,1.0,1.0,1.0,1.0,1.0,1.0,1.0,1.0,1.0,1.0,1.0,1.0,1.0,1.0,1.0,1.0,1.0,1.0,1.0,1.0,1.0,1.0,1.0,1.0,1.0,1.0,1.0,1.0,1.0,1.0,1.0,1.0,1.0,1.0,1.0,1.0,1.0,1.0,1.0,1.0,1.0,1.0,1.0,1.0,Middle-income,Bisa menikah ≤ 13 tahun,≤ 13 tahun,≤ 13 tahun,Boleh dengan izin orang tua / hukum adat,Boleh dengan izin orang tua / hukum adat,Boleh dengan izin orang tua / hukum adat,Boleh dengan izin orang tua / hukum adat,Boleh dengan izin orang tua / hukum adat,Boleh dengan izin orang tua / hukum adat,Tanpa perbedaan,Tanpa perbedaan,True,True,0.0,False,80.6593107063924,7.907470703124993,79.70781249999999,5.949365234374994,81.876953125,9.812695312499997
St. Kitts and Nevis,KN,KNA,Americas,4.0,5.0,5.0,3.0,3.0,5.0,5.0,3.0,3.0,2.0,2.0,3.0,2,5.0,5.0,5.0,3.0,2.0,5.0,3.0,2.0,5.0,5.0,,,,,,,,,,,,,,,,,,,,,,,,,,,,,,,,,,,,,,,,,,,,,,,,,,,,,,,,,,,High-income,1 masalah: kesenjangan ATAU usia 14-17,16-17 tahun,16-17 tahun,Dilarang secara hukum,Dilarang secara hukum,Hanya dengan persetujuan pengadilan / kehamilan,Hanya dengan persetujuan pengadilan / kehamilan,Boleh dengan izin orang tua / hukum adat,Boleh dengan izin orang tua / hukum adat,Tanpa perbedaan,Tanpa perbedaan,True,True,0.0,False,-62.750669388856934,17.321044921874993,-62.840478515624994,17.1005859375,-62.5322265625,17.402587890625
St. Lucia,LC,LCA,Americas,2.0,5.0,5.0,3.0,3.0,5.0,5.0,3.0,3.0,3.0,3.0,3.0,2,5.0,5.0,5.0,5.0,2.0,5.0,5.0,2.0,5.0,5.0,0.0,0.0,0.0,0.0,0.0,0.0,0.0,0.0,0.0,0.0,0.0,0.0,0.0,0.0,0.0,0.0,0.0,0.0,0.0,0.0,0.0,0.0,0.0,0.0,0.0,0.0,0.0,0.0,0.0,0.0,0.0,0.0,0.0,0.0,0.0,0.0,0.0,0.0,0.0,0.0,0.0,0.0,0.0,0.0,0.0,0.0,0.0,0.0,0.0,0.0,0.0,0.0,0.0,0.0,0.0,0.0,0.0,0.0,Middle-income,1 masalah: kesenjangan ATAU usia 14-17,16-17 tahun,16-17 tahun,Dilarang secara hukum,Dilarang secara hukum,Dilarang secara hukum,Dilarang secara hukum,Boleh dengan izin orang tua / hukum adat,Boleh dengan izin orang tua / hukum adat,Tanpa perbedaan,Tanpa perbedaan,True,True,0.0,False,-60.98025530656096,13.890576171874997,-61.073144531249994,13.717578125000003,-60.88676757812499,14.093359374999991
St. Vincent and the Grenadines,VC,VCT,Americas,2.0,5.0,5.0,2.0,3.0,5.0,5.0,2.0,3.0,2.0,3.0,2.0,2,5.0,5.0,5.0,2.0,2.0,5.0,5.0,2.0,5.0,3.0,,,,,,,,,,,,,,,,,,,,,,,,,,,,,,,,,,,,,,,,,,,,,,,,,,,,,,,,,,,Middle-income,2 masalah: kesenjangan DAN usia 14-17,14-15 tahun,16-17 tahun,Dilarang secara hukum,Dilarang secara hukum,Boleh dengan izin orang tua / hukum adat,Dilarang secara hukum,Boleh dengan izin orang tua / hukum adat,Boleh dengan izin orang tua / hukum adat,Tanpa perbedaan,Perempuan 1-2 tahun lebih muda,True,True,1.0,True,-61.20106437858823,13.248632812499991,-61.353515625,12.694726562499994,-61.1240234375,13.358740234374991
Sudan,SD,SDN,Sub-Saharan Africa,1.0,1.0,1.0,1.0,1.0,1.0,1.0,1.0,1.0,1.0,1.0,1.0,1,1.0,1.0,1.0,1.0,1.0,1.0,1.0,1.0,1.0,1.0,0.0,0.0,0.0,0.0,0.0,0.0,0.0,0.0,0.0,0.0,0.0,0.0,0.0,0.0,0.0,0.0,0.0,0.0,0.0,0.0,0.0,0.0,0.0,0.0,0.0,0.0,0.0,0.0,0.0,0.0,0.0,0.0,0.0,0.0,0.0,0.0,0.0,0.0,0.0,0.0,0.0,0.0,0.0,0.0,0.0,0.0,0.0,0.0,0.0,0.0,0.0,0.0,0.0,0.0,0.0,0.0,0.0,0.0,Low-income,Bisa menikah ≤ 13 tahun,≤ 13 tahun,≤ 13 tahun,Tanpa pembatasan,Tanpa pembatasan,Tanpa pembatasan,Tanpa pembatasan,Tanpa pembatasan,Tanpa pembatasan,Tanpa usia min. khusus perempuan,Tanpa usia min. khusus perempuan,False,False,0.0,False,29.770105028381344,15.447607421874999,21.825292968750006,8.665624999999991,38.609472656250006,22.202441406250003
Suriname,SR,SUR,Americas,2.0,5.0,5.0,2.0,3.0,1.0,2.0,1.0,2.0,1.0,1.0,1.0,2,5.0,2.0,2.0,2.0,2.0,3.0,2.0,2.0,5.0,3.0,0.0,0.0,0.0,0.0,0.0,0.0,0.0,0.0,0.0,0.0,0.0,0.0,0.0,0.0,0.0,0.0,0.0,0.0,0.0,0.0,0.0,0.0,0.0,0.0,0.0,0.0,0.0,0.0,0.0,0.0,0.0,0.0,0.0,0.0,0.0,0.0,0.0,0.0,0.0,0.0,0.0,0.0,0.0,0.0,0.0,0.0,0.0,0.0,0.0,0.0,0.0,0.0,0.0,0.0,0.0,0.0,0.0,0.0,Middle-income,Bisa menikah ≤ 13 tahun,≤ 13 tahun,14-15 tahun,Boleh dengan izin orang tua / hukum adat,Hanya dengan persetujuan pengadilan / kehamilan,Boleh dengan izin orang tua / hukum adat,Boleh dengan izin orang tua / hukum adat,Boleh dengan izin orang tua / hukum adat,Boleh dengan izin orang tua / hukum adat,Tanpa perbedaan,Perempuan 1-2 tahun lebih muda,True,True,1.0,True,-56.13794707848538,3.9515136718749986,-58.05449218749999,1.8422363281249972,-53.990478515625,5.993457031249989
Eswatini,SZ,SWZ,Sub-Saharan Africa,2.0,5.0,5.0,3.0,5.0,9.0,9.0,9.0,9.0,9.0,9.0,9.0,2,5.0,2.0,2.0,2.0,2.0,2.0,2.0,2.0,5.0,3.0,0.0,0.0,0.0,0.0,0.0,0.0,0.0,0.0,0.0,0.0,0.0,0.0,0.0,0.0,0.0,0.0,0.0,0.0,0.0,0.0,0.0,0.0,0.0,0.0,0.0,0.0,0.0,0.0,0.0,1.0,1.0,1.0,1.0,1.0,1.0,1.0,1.0,1.0,1.0,1.0,1.0,1.0,1.0,1.0,1.0,1.0,1.0,1.0,1.0,1.0,1.0,1.0,1.0,1.0,1.0,1.0,1.0,1.0,Middle-income,Mungkin < 18 (diatur adat/agama),Tidak diketahui (adat/agama),Tidak diketahui (adat/agama),Boleh dengan izin orang tua / hukum adat,Boleh dengan izin orang tua / hukum adat,Boleh dengan izin orang tua / hukum adat,Boleh dengan izin orang tua / hukum adat,Boleh dengan izin orang tua / hukum adat,Boleh dengan izin orang tua / hukum adat,Tanpa perbedaan,Perempuan 1-2 tahun lebih muda,False,False,,False,31.44746795808987,-26.566845703125004,30.787500000000023,-27.30996093750001,32.112890625000006,-25.742968750000003
Sweden,SE,SWE,Europe & Central Asia,4.0,5.0,5.0,5.0,5.0,5.0,5.0,5.0,5.0,5.0,5.0,5.0,5,5.0,5.0,5.0,5.0,5.0,5.0,5.0,5.0,5.0,5.0,,,,,,,,,,,,,,,,,,,,,,,,,,,,,,,,,,,,,,,,,,,,,,,,,,,,,,,,,,,High-income,Kesetaraan & usia ≥ 18 tahun,≥ 18 tahun,≥ 18 tahun,Dilarang secara hukum,Dilarang secara hukum,Dilarang secara hukum,Dilarang secara hukum,Dilarang secara hukum,Dilarang secara hukum,Tanpa perbedaan,Tanpa perbedaan,False,False,0.0,False,14.916849363767835,62.189868164062496,11.147167968750011,55.34638671875,24.15546875000001,69.036865234375
Switzerland,CH,CHE,Europe & Central Asia,4.0,5.0,5.0,5.0,5.0,5.0,5.0,5.0,5.0,5.0,5.0,5.0,5,5.0,5.0,5.0,5.0,5.0,5.0,5.0,5.0,5.0,5.0,,,,,,,,,,,,,,,,,,,,,,,,,,,,,,,,,,,,,,,,,,,,,,,,,,,,,,,,,,,High-income,Kesetaraan & usia ≥ 18 tahun,≥ 18 tahun,≥ 18 tahun,Dilarang secara hukum,Dilarang secara hukum,Dilarang secara hukum,Dilarang secara hukum,Dilarang secara hukum,Dilarang secara hukum,Tanpa perbedaan,Tanpa perbedaan,False,False,0.0,False,8.423423056845918,46.793847656249994,5.970019531250017,45.830029296875,10.45458984375,47.775634765625
Syria,SY,SYR,Middle East & North Africa,1.0,5.0,5.0,5.0,5.0,9.0,9.0,9.0,9.0,9.0,9.0,9.0,3,5.0,2.0,2.0,2.0,2.0,2.0,2.0,2.0,5.0,5.0,0.0,0.0,0.0,0.0,0.0,0.0,0.0,0.0,0.0,0.0,0.0,0.0,0.0,0.0,0.0,0.0,0.0,0.0,0.0,0.0,0.0,0.0,0.0,0.0,1.0,1.0,1.0,1.0,1.0,1.0,1.0,1.0,1.0,1.0,1.0,1.0,1.0,1.0,1.0,1.0,1.0,1.0,1.0,1.0,1.0,1.0,1.0,1.0,1.0,1.0,1.0,1.0,1.0,1.0,1.0,1.0,1.0,1.0,Low-income,Mungkin < 18 (diatur adat/agama),Tidak diketahui (adat/agama),Tidak diketahui (adat/agama),Boleh dengan izin orang tua / hukum adat,Boleh dengan izin orang tua / hukum adat,Boleh dengan izin orang tua / hukum adat,Boleh dengan izin orang tua / hukum adat,Boleh dengan izin orang tua / hukum adat,Boleh dengan izin orang tua / hukum adat,Tanpa perbedaan,Tanpa perbedaan,False,False,,False,38.553325448404024,34.82871093749999,35.76445312500002,32.317285156249994,42.35908203125001,37.297265624999994
Tajikistan,TJ,TJK,Europe & Central Asia,2.0,5.0,5.0,5.0,5.0,5.0,5.0,5.0,5.0,3.0,3.0,5.0,5,5.0,5.0,5.0,5.0,3.0,5.0,5.0,3.0,5.0,5.0,,,,0.0,0.0,0.0,0.0,0.0,0.0,0.0,0.0,0.0,0.0,0.0,0.0,0.0,1.0,1.0,1.0,1.0,1.0,1.0,1.0,1.0,1.0,1.0,1.0,1.0,1.0,,,,0.0,0.0,0.0,0.0,0.0,0.0,0.0,0.0,0.0,0.0,0.0,0.0,0.0,1.0,1.0,1.0,1.0,1.0,1.0,1.0,1.0,1.0,1.0,1.0,1.0,1.0,Middle-income,Kesetaraan & usia ≥ 18 tahun,≥ 18 tahun,≥ 18 tahun,Dilarang secara hukum,Dilarang secara hukum,Dilarang secara hukum,Dilarang secara hukum,Hanya dengan persetujuan pengadilan / kehamilan,Hanya dengan persetujuan pengadilan / kehamilan,Tanpa perbedaan,Tanpa perbedaan,False,False,0.0,False,70.92036895449,38.870263671874994,67.349609375,36.684033203125,75.11875,41.035107421875
Tanzania,TZ,TZA,Sub-Saharan Africa,2.0,5.0,5.0,2.0,5.0,,,,,,,,2,5.0,5.0,,2.0,2.0,,,,5.0,2.0,0.0,0.0,0.0,0.0,0.0,0.0,0.0,0.0,0.0,0.0,0.0,0.0,0.0,0.0,0.0,0.0,0.0,0.0,0.0,0.0,0.0,0.0,0.0,0.0,0.0,0.0,0.0,0.0,0.0,1.0,1.0,1.0,1.0,1.0,1.0,1.0,1.0,1.0,1.0,1.0,1.0,1.0,1.0,1.0,1.0,1.0,1.0,1.0,1.0,1.0,1.0,1.0,1.0,1.0,1.0,1.0,1.0,1.0,Middle-income,,,,,,Boleh dengan izin orang tua / hukum adat,,Boleh dengan izin orang tua / hukum adat,,Tanpa perbedaan,Perempuan 3 tahun lebih muda,False,False,,True,34.23626254800196,-6.36284179687501,29.32343750000001,-11.716210937500009,40.46357421875001,-0.9949218750000028
Thailand,TH,THA,East Asia & Pacific,2.0,5.0,5.0,3.0,3.0,1.0,1.0,1.0,1.0,1.0,1.0,1.0,2,5.0,2.0,2.0,2.0,2.0,2.0,2.0,2.0,5.0,5.0,0.0,0.0,0.0,0.0,0.0,0.0,0.0,0.0,0.0,0.0,0.0,0.0,0.0,0.0,0.0,0.0,0.0,0.0,0.0,0.0,0.0,0.0,0.0,0.0,0.0,0.0,0.0,0.0,0.0,0.0,0.0,0.0,0.0,0.0,0.0,0.0,0.0,0.0,0.0,0.0,0.0,0.0,0.0,0.0,0.0,0.0,0.0,0.0,0.0,0.0,0.0,0.0,0.0,0.0,0.0,0.0,0.0,0.0,Middle-income,Bisa menikah ≤ 13 tahun,≤ 13 tahun,≤ 13 tahun,Boleh dengan izin orang tua / hukum adat,Boleh dengan izin orang tua / hukum adat,Boleh dengan izin orang tua / hukum adat,Boleh dengan izin orang tua / hukum adat,Boleh dengan izin orang tua / hukum adat,Boleh dengan izin orang tua / hukum adat,Tanpa perbedaan,Tanpa perbedaan,True,True,0.0,False,101.68016462951502,13.022900390624997,97.37392578125002,5.636767578124989,105.64101562500002,20.42441406249999
Timor-Leste,TL,TLS,East Asia & Pacific,2.0,3.0,3.0,3.0,3.0,3.0,3.0,3.0,3.0,3.0,3.0,3.0,1,1.0,1.0,5.0,5.0,1.0,5.0,5.0,1.0,5.0,5.0,,,,,,,,,0.0,0.0,0.0,0.0,0.0,0.0,0.0,0.0,0.0,0.0,0.0,0.0,0.0,0.0,0.0,0.0,0.0,0.0,0.0,0.0,0.0,,,,,,,,,1.0,1.0,1.0,1.0,1.0,1.0,1.0,1.0,0.0,0.0,0.0,0.0,0.0,0.0,0.0,0.0,0.0,0.0,0.0,0.0,0.0,Middle-income,1 masalah: kesenjangan ATAU usia 14-17,16-17 tahun,16-17 tahun,Dilarang secara hukum,Dilarang secara hukum,Dilarang secara hukum,Dilarang secara hukum,Tanpa pembatasan,Tanpa pembatasan,Tanpa perbedaan,Tanpa perbedaan,False,False,0.0,False,125.69663241368646,-8.927587890625006,124.03632812500001,-9.511914062500011,127.29609375000001,-8.139941406250003
Togo,TG,TGO,Sub-Saharan Africa,1.0,5.0,5.0,5.0,5.0,5.0,5.0,5.0,5.0,3.0,3.0,5.0,3,5.0,5.0,5.0,5.0,3.0,5.0,5.0,3.0,5.0,5.0,0.0,0.0,0.0,0.0,0.0,0.0,0.0,0.0,0.0,0.0,0.0,0.0,1.0,1.0,1.0,1.0,1.0,1.0,1.0,1.0,1.0,1.0,1.0,1.0,1.0,1.0,1.0,1.0,1.0,1.0,1.0,1.0,1.0,1.0,1.0,1.0,1.0,1.0,1.0,1.0,1.0,1.0,1.0,1.0,1.0,1.0,1.0,1.0,1.0,1.0,1.0,1.0,1.0,1.0,1.0,1.0,1.0,1.0,Low-income,Kesetaraan & usia ≥ 18 tahun,≥ 18 tahun,≥ 18 tahun,Dilarang secara hukum,Dilarang secara hukum,Dilarang secara hukum,Dilarang secara hukum,Hanya dengan persetujuan pengadilan / kehamilan,Hanya dengan persetujuan pengadilan / kehamilan,Tanpa perbedaan,Tanpa perbedaan,False,False,0.0,False,1.0276124285596047,8.614013671874993,-0.09018554687497726,6.089404296874989,1.7779296875000057,11.115624999999994
Tonga,TO,TON,East Asia & Pacific,2.0,5.0,5.0,2.0,2.0,5.0,5.0,2.0,2.0,2.0,2.0,3.0,2,5.0,5.0,5.0,2.0,2.0,5.0,2.0,2.0,5.0,5.0,,,,,,,,,,,,,,,,,,,,,,,,,,,,,,,,,,,,,,,,,,,,,,,,,,,,,,,,,,,Middle-income,1 masalah: kesenjangan ATAU usia 14-17,14-15 tahun,14-15 tahun,Dilarang secara hukum,Dilarang secara hukum,Boleh dengan izin orang tua / hukum adat,Boleh dengan izin orang tua / hukum adat,Boleh dengan izin orang tua / hukum adat,Boleh dengan izin orang tua / hukum adat,Tanpa perbedaan,Tanpa perbedaan,True,True,0.0,False,-175.2472114849637,-21.165039062500007,-175.362353515625,-21.45058593750001,-173.921875,-18.56533203125001
Trinidad and Tobago,TT,TTO,Americas,4.0,5.0,5.0,5.0,5.0,5.0,5.0,5.0,5.0,5.0,5.0,5.0,5,5.0,5.0,5.0,5.0,5.0,5.0,5.0,5.0,5.0,5.0,0.0,0.0,0.0,0.0,0.0,0.0,0.0,0.0,0.0,0.0,0.0,0.0,0.0,0.0,0.0,0.0,0.0,0.0,0.0,0.0,0.0,0.0,1.0,1.0,1.0,1.0,1.0,1.0,1.0,0.0,0.0,0.0,0.0,0.0,0.0,0.0,0.0,0.0,0.0,0.0,0.0,0.0,0.0,0.0,0.0,0.0,0.0,0.0,0.0,0.0,0.0,1.0,1.0,1.0,1.0,1.0,1.0,1.0,High-income,Kesetaraan & usia ≥ 18 tahun,≥ 18 tahun,≥ 18 tahun,Dilarang secara hukum,Dilarang secara hukum,Dilarang secara hukum,Dilarang secara hukum,Dilarang secara hukum,Dilarang secara hukum,Tanpa perbedaan,Tanpa perbedaan,False,False,0.0,False,-61.252538321878376,10.434326171874993,-61.90610351562499,10.064648437499997,-60.52548828124999,11.325390624999997
Tunisia,TN,TUN,Middle East & North Africa,2.0,5.0,5.0,5.0,5.0,5.0,5.0,5.0,5.0,1.0,1.0,5.0,3,5.0,5.0,3.0,3.0,3.0,3.0,3.0,3.0,5.0,5.0,0.0,0.0,0.0,0.0,0.0,0.0,0.0,0.0,0.0,0.0,0.0,0.0,1.0,1.0,1.0,1.0,1.0,1.0,1.0,1.0,1.0,1.0,1.0,1.0,1.0,1.0,1.0,1.0,1.0,1.0,1.0,1.0,1.0,1.0,1.0,1.0,1.0,1.0,1.0,1.0,1.0,1.0,1.0,1.0,1.0,1.0,1.0,1.0,1.0,1.0,1.0,1.0,1.0,1.0,1.0,1.0,1.0,1.0,Middle-income,Kesetaraan & usia ≥ 18 tahun,≥ 18 tahun,≥ 18 tahun,Hanya dengan persetujuan pengadilan / kehamilan,Hanya dengan persetujuan pengadilan / kehamilan,Hanya dengan persetujuan pengadilan / kehamilan,Hanya dengan persetujuan pengadilan / kehamilan,Hanya dengan persetujuan pengadilan / kehamilan,Hanya dengan persetujuan pengadilan / kehamilan,Tanpa perbedaan,Tanpa perbedaan,False,False,0.0,False,8.879213931904186,33.78037109375,7.49560546875,30.229394531249994,11.535937500000017,37.340380859374996
Türkiye,TR,TUR,Europe & Central Asia,2.0,5.0,5.0,3.0,3.0,5.0,5.0,3.0,3.0,3.0,3.0,3.0,2,5.0,5.0,5.0,5.0,2.0,5.0,5.0,2.0,5.0,5.0,0.0,0.0,0.0,0.0,0.0,0.0,0.0,0.0,0.0,0.0,0.0,0.0,0.0,0.0,0.0,0.0,0.0,0.0,0.0,0.0,0.0,0.0,0.0,0.0,0.0,0.0,0.0,0.0,0.0,0.0,0.0,0.0,0.0,0.0,0.0,0.0,0.0,0.0,0.0,0.0,0.0,0.0,0.0,0.0,0.0,0.0,0.0,0.0,0.0,0.0,0.0,0.0,0.0,0.0,0.0,0.0,0.0,0.0,Middle-income,1 masalah: kesenjangan ATAU usia 14-17,16-17 tahun,16-17 tahun,Dilarang secara hukum,Dilarang secara hukum,Dilarang secara hukum,Dilarang secara hukum,Boleh dengan izin orang tua / hukum adat,Boleh dengan izin orang tua / hukum adat,Tanpa perbedaan,Tanpa perbedaan,True,True,0.0,False,35.4989260199868,38.947680664062496,25.6689453125,35.831445312499994,44.81718750000002,42.09326171875
Turkmenistan,TM,TKM,Europe & Central Asia,2.0,5.0,5.0,5.0,5.0,5.0,5.0,5.0,5.0,3.0,3.0,5.0,5,5.0,5.0,5.0,5.0,3.0,5.0,5.0,3.0,5.0,5.0,0.0,0.0,0.0,0.0,0.0,0.0,0.0,0.0,0.0,0.0,0.0,0.0,0.0,0.0,0.0,0.0,0.0,1.0,1.0,1.0,1.0,1.0,1.0,1.0,1.0,1.0,1.0,1.0,1.0,0.0,0.0,0.0,0.0,0.0,0.0,0.0,0.0,0.0,0.0,0.0,0.0,0.0,0.0,0.0,0.0,0.0,1.0,1.0,1.0,1.0,1.0,1.0,1.0,1.0,1.0,1.0,1.0,1.0,Middle-income,Kesetaraan & usia ≥ 18 tahun,≥ 18 tahun,≥ 18 tahun,Dilarang secara hukum,Dilarang secara hukum,Dilarang secara hukum,Dilarang secara hukum,Hanya dengan persetujuan pengadilan / kehamilan,Hanya dengan persetujuan pengadilan / kehamilan,Tanpa perbedaan,Tanpa perbedaan,False,False,0.0,False,58.99751481365213,38.9654541015625,52.49384765625001,35.170800781249994,66.62929687500002,42.778466796874994
Tuvalu,TV,TUV,East Asia & Pacific,2.0,5.0,5.0,5.0,5.0,5.0,5.0,5.0,5.0,5.0,5.0,5.0,5,5.0,5.0,5.0,5.0,5.0,5.0,5.0,5.0,5.0,5.0,,,,,,,,,,,,,,,,,,,,,,,,,,,,,,,,,,,,,,,,,,,,,,,,,,,,,,,,,,,Middle-income,Kesetaraan & usia ≥ 18 tahun,≥ 18 tahun,≥ 18 tahun,Dilarang secara hukum,Dilarang secara hukum,Dilarang secara hukum,Dilarang secara hukum,Dilarang secara hukum,Dilarang secara hukum,Tanpa perbedaan,Tanpa perbedaan,False,False,0.0,False,179.20666272239964,-8.500390625000009,179.19570312500002,-8.534960937500003,179.21660156250005,-8.46630859375
Uganda,UG,UGA,Sub-Saharan Africa,1.0,5.0,5.0,5.0,5.0,1.0,1.0,1.0,1.0,1.0,1.0,1.0,5,5.0,2.0,2.0,2.0,2.0,2.0,2.0,2.0,5.0,5.0,1.0,1.0,1.0,1.0,1.0,1.0,1.0,1.0,1.0,1.0,1.0,1.0,1.0,1.0,1.0,1.0,1.0,1.0,1.0,1.0,1.0,1.0,1.0,1.0,1.0,1.0,1.0,1.0,1.0,1.0,1.0,1.0,1.0,1.0,1.0,1.0,1.0,1.0,1.0,1.0,1.0,1.0,1.0,1.0,1.0,1.0,1.0,1.0,1.0,1.0,1.0,1.0,1.0,1.0,1.0,1.0,1.0,1.0,Low-income,Bisa menikah ≤ 13 tahun,≤ 13 tahun,≤ 13 tahun,Boleh dengan izin orang tua / hukum adat,Boleh dengan izin orang tua / hukum adat,Boleh dengan izin orang tua / hukum adat,Boleh dengan izin orang tua / hukum adat,Boleh dengan izin orang tua / hukum adat,Boleh dengan izin orang tua / hukum adat,Tanpa perbedaan,Tanpa perbedaan,True,True,0.0,False,32.681934216996325,1.3270019531249915,29.561914062500023,-1.4699218750000114,34.97822265625001,4.22021484375
Ukraine,UA,UKR,Europe & Central Asia,2.0,5.0,5.0,5.0,5.0,5.0,5.0,5.0,5.0,3.0,3.0,5.0,5,5.0,5.0,5.0,5.0,3.0,5.0,5.0,3.0,5.0,5.0,0.0,0.0,0.0,0.0,0.0,0.0,0.0,0.0,0.0,0.0,0.0,0.0,0.0,0.0,0.0,0.0,0.0,1.0,1.0,1.0,1.0,1.0,1.0,1.0,1.0,1.0,1.0,1.0,1.0,1.0,1.0,1.0,1.0,1.0,1.0,1.0,1.0,1.0,1.0,1.0,1.0,1.0,1.0,1.0,1.0,1.0,1.0,1.0,1.0,1.0,1.0,1.0,1.0,1.0,1.0,1.0,1.0,1.0,Middle-income,Kesetaraan & usia ≥ 18 tahun,≥ 18 tahun,≥ 18 tahun,Dilarang secara hukum,Dilarang secara hukum,Dilarang secara hukum,Dilarang secara hukum,Hanya dengan persetujuan pengadilan / kehamilan,Hanya dengan persetujuan pengadilan / kehamilan,Tanpa perbedaan,Tanpa perbedaan,False,False,0.0,False,31.069860360933834,48.800561523437494,22.1318359375,45.234130859375,40.12832031250002,52.353564453124996
United Arab Emirates,AE,ARE,Middle East & North Africa,4.0,5.0,5.0,5.0,5.0,1.0,1.0,1.0,1.0,1.0,1.0,1.0,3,5.0,2.0,2.0,2.0,2.0,2.0,2.0,2.0,5.0,5.0,0.0,0.0,0.0,0.0,0.0,0.0,0.0,0.0,0.0,0.0,1.0,1.0,1.0,1.0,1.0,1.0,1.0,1.0,1.0,1.0,1.0,1.0,1.0,1.0,1.0,1.0,1.0,1.0,1.0,0.0,0.0,0.0,0.0,0.0,0.0,0.0,0.0,0.0,0.0,1.0,1.0,1.0,1.0,1.0,1.0,1.0,1.0,1.0,1.0,1.0,1.0,1.0,1.0,1.0,1.0,1.0,1.0,1.0,High-income,Bisa menikah ≤ 13 tahun,≤ 13 tahun,≤ 13 tahun,Boleh dengan izin orang tua / hukum adat,Boleh dengan izin orang tua / hukum adat,Boleh dengan izin orang tua / hukum adat,Boleh dengan izin orang tua / hukum adat,Boleh dengan izin orang tua / hukum adat,Boleh dengan izin orang tua / hukum adat,Tanpa perbedaan,Tanpa perbedaan,True,True,0.0,False,55.12542822635824,24.3441162109375,51.568359375,22.621484374999994,56.38798828125002,26.068164062499996
United Kingdom,GB,GBR,Europe & Central Asia,4.0,3.0,3.0,3.0,3.0,3.0,3.0,3.0,3.0,3.0,3.0,3.0,1,1.0,1.0,5.0,5.0,1.0,5.0,5.0,1.0,5.0,5.0,,,,,,,,,,,,,,,,,,,,,,,,,,,,,,,,,,,,,,,,,,,,,,,,,,,,,,,,,,,High-income,1 masalah: kesenjangan ATAU usia 14-17,16-17 tahun,16-17 tahun,Dilarang secara hukum,Dilarang secara hukum,Dilarang secara hukum,Dilarang secara hukum,Tanpa pembatasan,Tanpa pembatasan,Tanpa perbedaan,Tanpa perbedaan,False,False,0.0,False,-1.9576480718537153,54.350366210937494,-8.144824218749989,50.021386718749994,1.74658203125,60.831884765625
United States of America,US,USA,Americas,4.0,5.0,5.0,3.0,3.0,5.0,5.0,3.0,3.0,1.0,1.0,3.0,2,5.0,5.0,3.0,3.0,2.0,3.0,3.0,2.0,5.0,5.0,,,,,,,,,,,,,,,,,,,,,,,,,,,,,,,,,,,,,,,,,,,,,,,,,,,,,,,,,,,High-income,1 masalah: kesenjangan ATAU usia 14-17,16-17 tahun,16-17 tahun,Hanya dengan persetujuan pengadilan / kehamilan,Hanya dengan persetujuan pengadilan / kehamilan,Hanya dengan persetujuan pengadilan / kehamilan,Hanya dengan persetujuan pengadilan / kehamilan,Boleh dengan izin orang tua / hukum adat,Boleh dengan izin orang tua / hukum adat,Tanpa perbedaan,Tanpa perbedaan,True,True,0.0,False,-99.68730570488363,37.25534667968749,-178.19453125,18.963916015625003,179.77998046875,71.407666015625
Uruguay,UY,URY,Americas,4.0,5.0,5.0,3.0,3.0,5.0,5.0,3.0,3.0,3.0,3.0,3.0,2,5.0,5.0,5.0,5.0,2.0,5.0,5.0,2.0,5.0,5.0,0.0,0.0,0.0,0.0,0.0,0.0,0.0,0.0,0.0,0.0,0.0,0.0,0.0,0.0,0.0,0.0,0.0,0.0,0.0,0.0,0.0,0.0,0.0,0.0,0.0,0.0,0.0,0.0,0.0,0.0,0.0,0.0,0.0,0.0,0.0,0.0,0.0,0.0,0.0,0.0,0.0,0.0,0.0,0.0,0.0,0.0,0.0,0.0,0.0,0.0,0.0,0.0,0.0,0.0,0.0,0.0,0.0,0.0,High-income,1 masalah: kesenjangan ATAU usia 14-17,16-17 tahun,16-17 tahun,Dilarang secara hukum,Dilarang secara hukum,Dilarang secara hukum,Dilarang secara hukum,Boleh dengan izin orang tua / hukum adat,Boleh dengan izin orang tua / hukum adat,Tanpa perbedaan,Tanpa perbedaan,True,True,0.0,False,-55.80659352873214,-32.534863281250004,-58.438134765624994,-34.93281250000001,-53.12558593749999,-30.10107421875
Uzbekistan,UZ,UZB,Europe & Central Asia,2.0,5.0,5.0,5.0,5.0,5.0,5.0,5.0,5.0,3.0,3.0,5.0,5,2.0,5.0,5.0,5.0,3.0,5.0,5.0,3.0,5.0,5.0,,,,0.0,0.0,0.0,0.0,0.0,0.0,0.0,0.0,0.0,0.0,0.0,0.0,0.0,0.0,0.0,0.0,0.0,0.0,0.0,0.0,0.0,1.0,1.0,1.0,1.0,1.0,,,,1.0,1.0,1.0,1.0,1.0,1.0,1.0,1.0,1.0,1.0,1.0,1.0,1.0,1.0,1.0,1.0,1.0,1.0,1.0,1.0,1.0,1.0,1.0,1.0,1.0,1.0,Middle-income,Kesetaraan & usia ≥ 18 tahun,≥ 18 tahun,≥ 18 tahun,Dilarang secara hukum,Dilarang secara hukum,Dilarang secara hukum,Dilarang secara hukum,Hanya dengan persetujuan pengadilan / kehamilan,Hanya dengan persetujuan pengadilan / kehamilan,Tanpa perbedaan,Tanpa perbedaan,False,False,0.0,False,63.40393132813897,41.3639892578125,55.975683593750006,37.172216796875,73.13691406250001,45.55537109375
Vanuatu,VU,VUT,East Asia & Pacific,2.0,5.0,5.0,3.0,5.0,5.0,5.0,3.0,5.0,3.0,5.0,2.0,2,5.0,5.0,5.0,5.0,2.0,5.0,5.0,5.0,5.0,3.0,0.0,0.0,0.0,0.0,0.0,0.0,0.0,0.0,0.0,0.0,0.0,0.0,0.0,0.0,0.0,0.0,0.0,0.0,0.0,0.0,0.0,0.0,0.0,0.0,0.0,0.0,0.0,0.0,0.0,1.0,1.0,1.0,1.0,1.0,1.0,1.0,1.0,1.0,1.0,1.0,1.0,1.0,1.0,1.0,1.0,1.0,1.0,1.0,1.0,1.0,1.0,1.0,1.0,1.0,1.0,1.0,1.0,1.0,Middle-income,2 masalah: kesenjangan DAN usia 14-17,16-17 tahun,≥ 18 tahun,Dilarang secara hukum,Dilarang secara hukum,Dilarang secara hukum,Dilarang secara hukum,Boleh dengan izin orang tua / hukum adat,Dilarang secara hukum,Tanpa perbedaan,Perempuan 1-2 tahun lebih muda,True,False,2.0,True,168.35624201410496,-17.664746093750004,166.52607421875,-20.241796875000006,169.89628906250005,-13.70947265625
Venezuela,VE,VEN,Americas,,5.0,5.0,5.0,5.0,5.0,5.0,5.0,5.0,3.0,3.0,5.0,5,5.0,5.0,5.0,5.0,3.0,5.0,5.0,3.0,5.0,5.0,0.0,0.0,0.0,0.0,0.0,0.0,0.0,0.0,0.0,0.0,0.0,0.0,0.0,0.0,0.0,0.0,0.0,0.0,0.0,0.0,0.0,0.0,0.0,0.0,0.0,0.0,1.0,1.0,1.0,0.0,0.0,0.0,0.0,0.0,0.0,0.0,0.0,0.0,0.0,0.0,0.0,0.0,0.0,0.0,0.0,0.0,0.0,0.0,0.0,0.0,0.0,0.0,0.0,0.0,0.0,1.0,1.0,1.0,,Kesetaraan & usia ≥ 18 tahun,≥ 18 tahun,≥ 18 tahun,Dilarang secara hukum,Dilarang secara hukum,Dilarang secara hukum,Dilarang secara hukum,Hanya dengan persetujuan pengadilan / kehamilan,Hanya dengan persetujuan pengadilan / kehamilan,Tanpa perbedaan,Tanpa perbedaan,False,False,0.0,False,-65.41256436873411,6.415820312499996,-73.3662109375,0.68798828125,-59.82890624999999,12.177880859374994
Vietnam,VN,VNM,East Asia & Pacific,2.0,5.0,5.0,5.0,5.0,5.0,5.0,5.0,5.0,5.0,5.0,3.0,5,5.0,5.0,5.0,5.0,5.0,5.0,5.0,5.0,3.0,3.0,1.0,1.0,1.0,1.0,1.0,1.0,1.0,1.0,1.0,1.0,1.0,1.0,1.0,1.0,1.0,1.0,1.0,1.0,1.0,1.0,1.0,1.0,1.0,1.0,1.0,1.0,1.0,1.0,1.0,1.0,1.0,1.0,1.0,1.0,1.0,1.0,1.0,1.0,1.0,1.0,1.0,1.0,1.0,1.0,1.0,1.0,1.0,1.0,1.0,1.0,1.0,1.0,1.0,1.0,1.0,1.0,1.0,1.0,Middle-income,1 masalah: kesenjangan ATAU usia 14-17,≥ 18 tahun,≥ 18 tahun,Dilarang secara hukum,Dilarang secara hukum,Dilarang secara hukum,Dilarang secara hukum,Dilarang secara hukum,Dilarang secara hukum,Perempuan 1-2 tahun lebih muda,Perempuan 1-2 tahun lebih muda,False,False,0.0,False,107.8514538840466,15.970361328125001,102.12744140625,8.583251953125,109.44492187500003,23.34521484375
Yemen,YE,YEM,Middle East & North Africa,1.0,1.0,1.0,1.0,1.0,1.0,1.0,1.0,1.0,1.0,1.0,1.0,1,1.0,1.0,1.0,1.0,1.0,1.0,1.0,1.0,1.0,1.0,0.0,0.0,0.0,0.0,0.0,0.0,0.0,0.0,0.0,0.0,0.0,0.0,0.0,0.0,0.0,0.0,0.0,0.0,0.0,0.0,0.0,0.0,0.0,0.0,0.0,0.0,0.0,0.0,0.0,0.0,0.0,0.0,0.0,0.0,0.0,0.0,0.0,0.0,0.0,0.0,0.0,0.0,0.0,0.0,0.0,0.0,0.0,0.0,0.0,0.0,0.0,0.0,0.0,0.0,0.0,0.0,0.0,0.0,Low-income,Bisa menikah ≤ 13 tahun,≤ 13 tahun,≤ 13 tahun,Tanpa pembatasan,Tanpa pembatasan,Tanpa pembatasan,Tanpa pembatasan,Tanpa pembatasan,Tanpa pembatasan,Tanpa usia min. khusus perempuan,Tanpa usia min. khusus perempuan,False,False,0.0,False,47.49072790611053,15.858715820312497,42.54902343750001,12.318994140624994,54.51113281250002,18.996142578125003
Zambia,ZM,ZMB,Sub-Saharan Africa,2.0,5.0,5.0,5.0,5.0,5.0,5.0,5.0,5.0,5.0,5.0,5.0,5,5.0,5.0,5.0,5.0,5.0,5.0,5.0,5.0,5.0,5.0,0.0,0.0,0.0,0.0,0.0,0.0,0.0,0.0,0.0,0.0,0.0,0.0,0.0,0.0,0.0,0.0,0.0,0.0,0.0,0.0,0.0,0.0,0.0,0.0,0.0,0.0,0.0,1.0,1.0,0.0,0.0,0.0,0.0,0.0,0.0,0.0,0.0,0.0,0.0,0.0,0.0,0.0,0.0,0.0,0.0,0.0,0.0,0.0,0.0,0.0,0.0,0.0,0.0,0.0,0.0,0.0,1.0,1.0,Middle-income,Kesetaraan & usia ≥ 18 tahun,≥ 18 tahun,≥ 18 tahun,Dilarang secara hukum,Dilarang secara hukum,Dilarang secara hukum,Dilarang secara hukum,Dilarang secara hukum,Dilarang secara hukum,Tanpa perbedaan,Tanpa perbedaan,False,False,0.0,False,25.413404822550554,-13.101855468750003,21.978906250000023,-18.04150390625,33.66152343750002,-8.193652343750003
Zimbabwe,ZW,ZWE,Sub-Saharan Africa,2.0,5.0,5.0,5.0,5.0,5.0,5.0,5.0,5.0,5.0,5.0,5.0,5,5.0,5.0,5.0,5.0,5.0,5.0,5.0,5.0,5.0,5.0,0.0,0.0,0.0,0.0,0.0,0.0,0.0,0.0,0.0,0.0,0.0,0.0,0.0,0.0,0.0,0.0,0.0,0.0,0.0,0.0,0.0,0.0,0.0,0.0,0.0,0.0,0.0,1.0,1.0,1.0,1.0,1.0,1.0,1.0,1.0,1.0,1.0,1.0,1.0,1.0,1.0,1.0,1.0,1.0,1.0,1.0,1.0,1.0,1.0,1.0,1.0,1.0,1.0,1.0,1.0,1.0,1.0,1.0,Middle-income,Kesetaraan & usia ≥ 18 tahun,≥ 18 tahun,≥ 18 tahun,Dilarang secara hukum,Dilarang secara hukum,Dilarang secara hukum,Dilarang secara hukum,Dilarang secara hukum,Dilarang secara hukum,Tanpa perbedaan,Tanpa perbedaan,False,False,0.0,False,29.349055443740482,-19.01308593750001,25.224023437500023,-22.40205078125001,33.00673828125002,-15.64306640625
